2023-11-02T13:50:27.986+09:00,koust,KeyEvent,65535:38:0,Lab,Project,C:/Users/koust/Desktop/github/platform-based-programming/src/main/java/org/example/week6/GenericMethod/GenericMethodTest.java,,11,30,변경
2023-11-02T13:50:28.469+09:00,koust,KeyEvent,65535:40:0,Lab,Project,C:/Users/koust/Desktop/github/platform-based-programming/src/main/java/org/example/week6/GenericMethod/GenericMethodTest.java,,11,30,변경
2023-11-02T13:50:28.796+09:00,koust,KeyEvent,65535:40:0,Lab,Project,C:/Users/koust/Desktop/github/platform-based-programming/src/main/java/org/example/week6/GenericMethod/GenericMethodTest.java,,11,30,변경
2023-11-02T13:50:28.962+09:00,koust,KeyEvent,65535:38:0,Lab,Project,C:/Users/koust/Desktop/github/platform-based-programming/src/main/java/org/example/week6/GenericMethod/GenericMethodTest.java,,11,30,변경
2023-11-02T13:50:29.138+09:00,koust,KeyEvent,65535:38:0,Lab,Project,C:/Users/koust/Desktop/github/platform-based-programming/src/main/java/org/example/week6/GenericMethod/GenericMethodTest.java,,11,30,변경
2023-11-02T13:50:29.419+09:00,koust,KeyEvent,10:10:0,Lab,Project,C:/Users/koust/Desktop/github/platform-based-programming/src/main/java/org/example/week6/GenericMethod/DataRepository.java,,37,55,변경
2023-11-02T13:50:31.436+09:00,koust,KeyEvent,10:10:0,Lab,Editor,C:/Users/koust/Desktop/github/platform-based-programming/src/main/java/org/example/week6/GenericMethod/DataRepository.java,,38,8,변경
2023-11-02T13:50:37.676+09:00,koust,KeyEvent,65535:38:0,Lab,Editor,C:/Users/koust/Desktop/github/platform-based-programming/src/main/java/org/example/week6/GenericMethod/DataRepository.java,,37,8,변경
2023-11-02T13:50:38.179+09:00,koust,KeyEvent,65535:38:0,Lab,Editor,C:/Users/koust/Desktop/github/platform-based-programming/src/main/java/org/example/week6/GenericMethod/DataRepository.java,,36,0,변경
2023-11-02T13:50:38.209+09:00,koust,KeyEvent,65535:38:0,Lab,Editor,C:/Users/koust/Desktop/github/platform-based-programming/src/main/java/org/example/week6/GenericMethod/DataRepository.java,,35,8,변경
2023-11-02T13:50:38.239+09:00,koust,KeyEvent,65535:38:0,Lab,Editor,C:/Users/koust/Desktop/github/platform-based-programming/src/main/java/org/example/week6/GenericMethod/DataRepository.java,,34,0,변경
2023-11-02T13:50:38.269+09:00,koust,KeyEvent,65535:38:0,Lab,Editor,C:/Users/koust/Desktop/github/platform-based-programming/src/main/java/org/example/week6/GenericMethod/DataRepository.java,,33,8,변경
2023-11-02T13:50:38.299+09:00,koust,KeyEvent,65535:38:0,Lab,Editor,C:/Users/koust/Desktop/github/platform-based-programming/src/main/java/org/example/week6/GenericMethod/DataRepository.java,,32,0,변경
2023-11-02T13:50:38.329+09:00,koust,KeyEvent,65535:38:0,Lab,Editor,C:/Users/koust/Desktop/github/platform-based-programming/src/main/java/org/example/week6/GenericMethod/DataRepository.java,,31,8,변경
2023-11-02T13:50:38.360+09:00,koust,KeyEvent,65535:38:0,Lab,Editor,C:/Users/koust/Desktop/github/platform-based-programming/src/main/java/org/example/week6/GenericMethod/DataRepository.java,,30,0,변경
2023-11-02T13:50:38.391+09:00,koust,KeyEvent,65535:38:0,Lab,Editor,C:/Users/koust/Desktop/github/platform-based-programming/src/main/java/org/example/week6/GenericMethod/DataRepository.java,,29,0,변경
2023-11-02T13:50:38.420+09:00,koust,KeyEvent,65535:38:0,Lab,Editor,C:/Users/koust/Desktop/github/platform-based-programming/src/main/java/org/example/week6/GenericMethod/DataRepository.java,,28,0,변경
2023-11-02T13:50:38.450+09:00,koust,KeyEvent,65535:38:0,Lab,Editor,C:/Users/koust/Desktop/github/platform-based-programming/src/main/java/org/example/week6/GenericMethod/DataRepository.java,,27,5,변경
2023-11-02T13:50:38.481+09:00,koust,KeyEvent,65535:38:0,Lab,Editor,C:/Users/koust/Desktop/github/platform-based-programming/src/main/java/org/example/week6/GenericMethod/DataRepository.java,,26,0,변경
2023-11-02T13:50:38.663+09:00,koust,KeyEvent,65535:38:0,Lab,Editor,C:/Users/koust/Desktop/github/platform-based-programming/src/main/java/org/example/week6/GenericMethod/DataRepository.java,,25,8,변경
2023-11-02T13:50:39.099+09:00,koust,KeyEvent,65535:40:0,Lab,Editor,C:/Users/koust/Desktop/github/platform-based-programming/src/main/java/org/example/week6/GenericMethod/DataRepository.java,,26,0,변경
2023-11-02T13:50:39.607+09:00,koust,KeyEvent,65535:40:0,Lab,Editor,C:/Users/koust/Desktop/github/platform-based-programming/src/main/java/org/example/week6/GenericMethod/DataRepository.java,,27,5,변경
2023-11-02T13:50:39.635+09:00,koust,KeyEvent,65535:40:0,Lab,Editor,C:/Users/koust/Desktop/github/platform-based-programming/src/main/java/org/example/week6/GenericMethod/DataRepository.java,,28,0,변경
2023-11-02T13:50:39.664+09:00,koust,KeyEvent,65535:40:0,Lab,Editor,C:/Users/koust/Desktop/github/platform-based-programming/src/main/java/org/example/week6/GenericMethod/DataRepository.java,,29,0,변경
2023-11-02T13:50:39.694+09:00,koust,KeyEvent,65535:40:0,Lab,Editor,C:/Users/koust/Desktop/github/platform-based-programming/src/main/java/org/example/week6/GenericMethod/DataRepository.java,,30,0,변경
2023-11-02T13:50:39.727+09:00,koust,KeyEvent,65535:40:0,Lab,Editor,C:/Users/koust/Desktop/github/platform-based-programming/src/main/java/org/example/week6/GenericMethod/DataRepository.java,,31,8,변경
2023-11-02T13:50:39.754+09:00,koust,KeyEvent,65535:40:0,Lab,Editor,C:/Users/koust/Desktop/github/platform-based-programming/src/main/java/org/example/week6/GenericMethod/DataRepository.java,,32,0,변경
2023-11-02T13:50:39.785+09:00,koust,KeyEvent,65535:40:0,Lab,Editor,C:/Users/koust/Desktop/github/platform-based-programming/src/main/java/org/example/week6/GenericMethod/DataRepository.java,,33,8,변경
2023-11-02T13:50:39.815+09:00,koust,KeyEvent,65535:40:0,Lab,Editor,C:/Users/koust/Desktop/github/platform-based-programming/src/main/java/org/example/week6/GenericMethod/DataRepository.java,,34,0,변경
2023-11-02T13:50:40.137+09:00,koust,KeyEvent,65535:40:0,Lab,Editor,C:/Users/koust/Desktop/github/platform-based-programming/src/main/java/org/example/week6/GenericMethod/DataRepository.java,,35,8,변경
2023-11-02T13:50:40.339+09:00,koust,KeyEvent,65535:40:0,Lab,Editor,C:/Users/koust/Desktop/github/platform-based-programming/src/main/java/org/example/week6/GenericMethod/DataRepository.java,,36,0,변경
2023-11-02T13:50:40.548+09:00,koust,KeyEvent,65535:40:0,Lab,Editor,C:/Users/koust/Desktop/github/platform-based-programming/src/main/java/org/example/week6/GenericMethod/DataRepository.java,,37,8,변경
2023-11-02T13:50:41.063+09:00,koust,KeyEvent,65535:40:0,Lab,Editor,C:/Users/koust/Desktop/github/platform-based-programming/src/main/java/org/example/week6/GenericMethod/DataRepository.java,,38,8,변경
2023-11-02T13:50:41.358+09:00,koust,KeyEvent,10:10:0,Lab,Editor,C:/Users/koust/Desktop/github/platform-based-programming/src/main/java/org/example/week6/GenericMethod/DataRepository.java,,39,8,변경
2023-11-02T13:50:41.696+09:00,koust,KeyEvent,8:8:0,Lab,Editor,C:/Users/koust/Desktop/github/platform-based-programming/src/main/java/org/example/week6/GenericMethod/DataRepository.java,,38,8,변경
2023-11-02T13:50:41.993+09:00,koust,KeyEvent,117:85:0,Lab,Editor,C:/Users/koust/Desktop/github/platform-based-programming/src/main/java/org/example/week6/GenericMethod/DataRepository.java,,38,8,변경
2023-11-02T13:50:42.289+09:00,koust,KeyEvent,8:8:0,Lab,Editor,C:/Users/koust/Desktop/github/platform-based-programming/src/main/java/org/example/week6/GenericMethod/DataRepository.java,,38,8,변경
2023-11-02T13:50:42.436+09:00,koust,KeyEvent,105:73:0,Lab,Editor,C:/Users/koust/Desktop/github/platform-based-programming/src/main/java/org/example/week6/GenericMethod/DataRepository.java,,38,8,변경
2023-11-02T13:50:42.531+09:00,koust,KeyEvent,116:84:0,Lab,Editor,C:/Users/koust/Desktop/github/platform-based-programming/src/main/java/org/example/week6/GenericMethod/DataRepository.java,,38,9,변경
2023-11-02T13:50:42.673+09:00,koust,KeyEvent,101:69:0,Lab,Editor,C:/Users/koust/Desktop/github/platform-based-programming/src/main/java/org/example/week6/GenericMethod/DataRepository.java,,38,10,변경
2023-11-02T13:50:42.738+09:00,koust,KeyEvent,114:82:0,Lab,Editor,C:/Users/koust/Desktop/github/platform-based-programming/src/main/java/org/example/week6/GenericMethod/DataRepository.java,,38,11,변경
2023-11-02T13:50:43.356+09:00,koust,KeyEvent,10:10:0,Lab,Editor,C:/Users/koust/Desktop/github/platform-based-programming/src/main/java/org/example/week6/GenericMethod/DataRepository.java,,38,33,변경
2023-11-02T13:50:44.199+09:00,koust,KeyEvent,10:10:0,Lab,Editor,C:/Users/koust/Desktop/github/platform-based-programming/src/main/java/org/example/week6/GenericMethod/DataRepository.java,,38,23,변경
2023-11-02T13:50:44.343+09:00,koust,KeyEvent,10:10:0,Lab,Editor,C:/Users/koust/Desktop/github/platform-based-programming/src/main/java/org/example/week6/GenericMethod/DataRepository.java,,39,12,변경
2023-11-02T13:50:45.660+09:00,koust,KeyEvent,110:78:0,Lab,Editor,C:/Users/koust/Desktop/github/platform-based-programming/src/main/java/org/example/week6/GenericMethod/DataRepository.java,,39,12,변경
2023-11-02T13:50:45.728+09:00,koust,KeyEvent,101:69:0,Lab,Editor,C:/Users/koust/Desktop/github/platform-based-programming/src/main/java/org/example/week6/GenericMethod/DataRepository.java,,39,13,변경
2023-11-02T13:50:45.771+09:00,koust,KeyEvent,119:87:0,Lab,Editor,C:/Users/koust/Desktop/github/platform-based-programming/src/main/java/org/example/week6/GenericMethod/DataRepository.java,,39,14,변경
2023-11-02T13:50:46.315+09:00,koust,KeyEvent,8:8:0,Lab,Editor,C:/Users/koust/Desktop/github/platform-based-programming/src/main/java/org/example/week6/GenericMethod/DataRepository.java,,39,14,변경
2023-11-02T13:50:46.489+09:00,koust,KeyEvent,8:8:0,Lab,Editor,C:/Users/koust/Desktop/github/platform-based-programming/src/main/java/org/example/week6/GenericMethod/DataRepository.java,,39,13,변경
2023-11-02T13:50:46.654+09:00,koust,KeyEvent,8:8:0,Lab,Editor,C:/Users/koust/Desktop/github/platform-based-programming/src/main/java/org/example/week6/GenericMethod/DataRepository.java,,39,12,변경
2023-11-02T13:50:47.869+09:00,koust,KeyEvent,110:78:0,Lab,Editor,C:/Users/koust/Desktop/github/platform-based-programming/src/main/java/org/example/week6/GenericMethod/DataRepository.java,,39,12,변경
2023-11-02T13:50:47.948+09:00,koust,KeyEvent,101:69:0,Lab,Editor,C:/Users/koust/Desktop/github/platform-based-programming/src/main/java/org/example/week6/GenericMethod/DataRepository.java,,39,13,변경
2023-11-02T13:50:48.005+09:00,koust,KeyEvent,119:87:0,Lab,Editor,C:/Users/koust/Desktop/github/platform-based-programming/src/main/java/org/example/week6/GenericMethod/DataRepository.java,,39,14,변경
2023-11-02T13:50:48.524+09:00,koust,KeyEvent,65535:16:1,Lab,Editor,C:/Users/koust/Desktop/github/platform-based-programming/src/main/java/org/example/week6/GenericMethod/DataRepository.java,,39,15,변경
2023-11-02T13:50:48.718+09:00,koust,KeyEvent,68:68:1,Lab,Editor,C:/Users/koust/Desktop/github/platform-based-programming/src/main/java/org/example/week6/GenericMethod/DataRepository.java,,39,15,변경
2023-11-02T13:50:49.564+09:00,koust,KeyEvent,65535:40:0,Lab,Editor,C:/Users/koust/Desktop/github/platform-based-programming/src/main/java/org/example/week6/GenericMethod/DataRepository.java,,39,16,변경
2023-11-02T13:50:50.063+09:00,koust,KeyEvent,10:10:0,Lab,Editor,C:/Users/koust/Desktop/github/platform-based-programming/src/main/java/org/example/week6/GenericMethod/DataRepository.java,,39,20,변경
2023-11-02T13:50:50.067+09:00,koust,KeyEvent,46:46:0,Lab,Editor,C:/Users/koust/Desktop/github/platform-based-programming/src/main/java/org/example/week6/GenericMethod/DataRepository.java,,39,20,변경
2023-11-02T13:50:50.411+09:00,koust,KeyEvent,103:71:0,Lab,Editor,C:/Users/koust/Desktop/github/platform-based-programming/src/main/java/org/example/week6/GenericMethod/DataRepository.java,,39,21,변경
2023-11-02T13:50:50.609+09:00,koust,KeyEvent,101:69:0,Lab,Editor,C:/Users/koust/Desktop/github/platform-based-programming/src/main/java/org/example/week6/GenericMethod/DataRepository.java,,39,22,변경
2023-11-02T13:50:50.735+09:00,koust,KeyEvent,116:84:0,Lab,Editor,C:/Users/koust/Desktop/github/platform-based-programming/src/main/java/org/example/week6/GenericMethod/DataRepository.java,,39,23,변경
2023-11-02T13:50:50.971+09:00,koust,KeyEvent,65535:16:1,Lab,Editor,C:/Users/koust/Desktop/github/platform-based-programming/src/main/java/org/example/week6/GenericMethod/DataRepository.java,,39,24,변경
2023-11-02T13:50:51.391+09:00,koust,KeyEvent,10:10:1,Lab,Editor,C:/Users/koust/Desktop/github/platform-based-programming/src/main/java/org/example/week6/GenericMethod/DataRepository.java,,40,20,변경
2023-11-02T13:50:51.585+09:00,koust,KeyEvent,46:46:0,Lab,Editor,C:/Users/koust/Desktop/github/platform-based-programming/src/main/java/org/example/week6/GenericMethod/DataRepository.java,,40,20,변경
2023-11-02T13:50:51.966+09:00,koust,KeyEvent,8:8:0,Lab,Editor,C:/Users/koust/Desktop/github/platform-based-programming/src/main/java/org/example/week6/GenericMethod/DataRepository.java,,40,20,변경
2023-11-02T13:50:52.105+09:00,koust,KeyEvent,8:8:0,Lab,Editor,C:/Users/koust/Desktop/github/platform-based-programming/src/main/java/org/example/week6/GenericMethod/DataRepository.java,,39,24,변경
2023-11-02T13:50:52.366+09:00,koust,KeyEvent,65535:16:1,Lab,Editor,C:/Users/koust/Desktop/github/platform-based-programming/src/main/java/org/example/week6/GenericMethod/DataRepository.java,,39,24,변경
2023-11-02T13:50:52.462+09:00,koust,KeyEvent,67:67:1,Lab,Editor,C:/Users/koust/Desktop/github/platform-based-programming/src/main/java/org/example/week6/GenericMethod/DataRepository.java,,39,24,변경
2023-11-02T13:50:52.913+09:00,koust,KeyEvent,10:10:0,Lab,Editor,C:/Users/koust/Desktop/github/platform-based-programming/src/main/java/org/example/week6/GenericMethod/DataRepository.java,,39,31,변경
2023-11-02T13:50:53.166+09:00,koust,KeyEvent,46:46:0,Lab,Editor,C:/Users/koust/Desktop/github/platform-based-programming/src/main/java/org/example/week6/GenericMethod/DataRepository.java,,39,31,변경
2023-11-02T13:50:53.666+09:00,koust,KeyEvent,103:71:0,Lab,Editor,C:/Users/koust/Desktop/github/platform-based-programming/src/main/java/org/example/week6/GenericMethod/DataRepository.java,,39,32,변경
2023-11-02T13:50:53.836+09:00,koust,KeyEvent,101:69:0,Lab,Editor,C:/Users/koust/Desktop/github/platform-based-programming/src/main/java/org/example/week6/GenericMethod/DataRepository.java,,39,33,변경
2023-11-02T13:50:53.963+09:00,koust,KeyEvent,116:84:0,Lab,Editor,C:/Users/koust/Desktop/github/platform-based-programming/src/main/java/org/example/week6/GenericMethod/DataRepository.java,,39,34,변경
2023-11-02T13:50:54.128+09:00,koust,KeyEvent,65535:16:1,Lab,Editor,C:/Users/koust/Desktop/github/platform-based-programming/src/main/java/org/example/week6/GenericMethod/DataRepository.java,,39,35,변경
2023-11-02T13:50:54.236+09:00,koust,KeyEvent,84:84:1,Lab,Editor,C:/Users/koust/Desktop/github/platform-based-programming/src/main/java/org/example/week6/GenericMethod/DataRepository.java,,39,35,변경
2023-11-02T13:50:54.455+09:00,koust,KeyEvent,121:89:0,Lab,Editor,C:/Users/koust/Desktop/github/platform-based-programming/src/main/java/org/example/week6/GenericMethod/DataRepository.java,,39,36,변경
2023-11-02T13:50:54.877+09:00,koust,KeyEvent,10:10:0,Lab,Editor,C:/Users/koust/Desktop/github/platform-based-programming/src/main/java/org/example/week6/GenericMethod/DataRepository.java,,39,45,변경
2023-11-02T13:50:55.337+09:00,koust,KeyEvent,59:59:0,Lab,Editor,C:/Users/koust/Desktop/github/platform-based-programming/src/main/java/org/example/week6/GenericMethod/DataRepository.java,,39,45,변경
2023-11-02T13:50:55.543+09:00,koust,KeyEvent,65535:17:2,Lab,Editor,C:/Users/koust/Desktop/github/platform-based-programming/src/main/java/org/example/week6/GenericMethod/DataRepository.java,,39,46,변경
2023-11-02T13:50:56.193+09:00,koust,KeyEvent,65535:17:2,Lab,Editor,C:/Users/koust/Desktop/github/platform-based-programming/src/main/java/org/example/week6/GenericMethod/DataRepository.java,,39,46,변경
2023-11-02T13:50:56.193+09:00,koust,KeyEvent,65535:16:3,Lab,Editor,C:/Users/koust/Desktop/github/platform-based-programming/src/main/java/org/example/week6/GenericMethod/DataRepository.java,,39,46,변경
2023-11-02T13:50:56.197+09:00,koust,KeyEvent,65535:37:3,Lab,Editor,C:/Users/koust/Desktop/github/platform-based-programming/src/main/java/org/example/week6/GenericMethod/DataRepository.java,,39,45,변경
2023-11-02T13:50:56.266+09:00,koust,KeyEvent,65535:37:3,Lab,Editor,C:/Users/koust/Desktop/github/platform-based-programming/src/main/java/org/example/week6/GenericMethod/DataRepository.java,,39,44,변경
2023-11-02T13:50:56.659+09:00,koust,KeyEvent,65535:39:0,Lab,Editor,C:/Users/koust/Desktop/github/platform-based-programming/src/main/java/org/example/week6/GenericMethod/DataRepository.java,,39,46,변경
2023-11-02T13:50:57.026+09:00,koust,KeyEvent,8:8:0,Lab,Editor,C:/Users/koust/Desktop/github/platform-based-programming/src/main/java/org/example/week6/GenericMethod/DataRepository.java,,39,45,변경
2023-11-02T13:50:57.229+09:00,koust,KeyEvent,65535:17:2,Lab,Editor,C:/Users/koust/Desktop/github/platform-based-programming/src/main/java/org/example/week6/GenericMethod/DataRepository.java,,39,45,변경
2023-11-02T13:50:57.240+09:00,koust,KeyEvent,65535:16:3,Lab,Editor,C:/Users/koust/Desktop/github/platform-based-programming/src/main/java/org/example/week6/GenericMethod/DataRepository.java,,39,45,변경
2023-11-02T13:50:57.308+09:00,koust,KeyEvent,65535:37:3,Lab,Editor,C:/Users/koust/Desktop/github/platform-based-programming/src/main/java/org/example/week6/GenericMethod/DataRepository.java,,39,44,변경
2023-11-02T13:50:57.490+09:00,koust,KeyEvent,65535:37:3,Lab,Editor,C:/Users/koust/Desktop/github/platform-based-programming/src/main/java/org/example/week6/GenericMethod/DataRepository.java,,39,43,변경
2023-11-02T13:50:57.626+09:00,koust,KeyEvent,65535:37:3,Lab,Editor,C:/Users/koust/Desktop/github/platform-based-programming/src/main/java/org/example/week6/GenericMethod/DataRepository.java,,39,32,변경
2023-11-02T13:50:57.766+09:00,koust,KeyEvent,65535:37:3,Lab,Editor,C:/Users/koust/Desktop/github/platform-based-programming/src/main/java/org/example/week6/GenericMethod/DataRepository.java,,39,31,변경
2023-11-02T13:50:57.947+09:00,koust,KeyEvent,65535:37:3,Lab,Editor,C:/Users/koust/Desktop/github/platform-based-programming/src/main/java/org/example/week6/GenericMethod/DataRepository.java,,39,30,변경
2023-11-02T13:50:58.214+09:00,koust,KeyEvent,65535:37:3,Lab,Editor,C:/Users/koust/Desktop/github/platform-based-programming/src/main/java/org/example/week6/GenericMethod/DataRepository.java,,39,29,변경
2023-11-02T13:50:58.516+09:00,koust,KeyEvent,65535:37:3,Lab,Editor,C:/Users/koust/Desktop/github/platform-based-programming/src/main/java/org/example/week6/GenericMethod/DataRepository.java,,39,21,변경
2023-11-02T13:50:58.848+09:00,koust,KeyEvent,65535:37:3,Lab,Editor,C:/Users/koust/Desktop/github/platform-based-programming/src/main/java/org/example/week6/GenericMethod/DataRepository.java,,39,20,변경
2023-11-02T13:50:59.147+09:00,koust,KeyEvent,65535:37:3,Lab,Editor,C:/Users/koust/Desktop/github/platform-based-programming/src/main/java/org/example/week6/GenericMethod/DataRepository.java,,39,12,변경
2023-11-02T13:50:59.502+09:00,koust,KeyEvent,65535:17:2,Lab,Editor,C:/Users/koust/Desktop/github/platform-based-programming/src/main/java/org/example/week6/GenericMethod/DataRepository.java,,39,12,변경
2023-11-02T13:50:59.580+09:00,koust,KeyEvent,3:67:2,Lab,Editor,C:/Users/koust/Desktop/github/platform-based-programming/src/main/java/org/example/week6/GenericMethod/DataRepository.java,,39,12,변경
2023-11-02T13:50:59.877+09:00,koust,KeyEvent,8:8:0,Lab,Editor,C:/Users/koust/Desktop/github/platform-based-programming/src/main/java/org/example/week6/GenericMethod/DataRepository.java,,39,12,변경
2023-11-02T13:50:59.974+09:00,koust,KeyEvent,115:83:0,Lab,Editor,C:/Users/koust/Desktop/github/platform-based-programming/src/main/java/org/example/week6/GenericMethod/DataRepository.java,,39,12,변경
2023-11-02T13:51:00.186+09:00,koust,KeyEvent,111:79:0,Lab,Editor,C:/Users/koust/Desktop/github/platform-based-programming/src/main/java/org/example/week6/GenericMethod/DataRepository.java,,39,13,변경
2023-11-02T13:51:00.384+09:00,koust,KeyEvent,117:85:0,Lab,Editor,C:/Users/koust/Desktop/github/platform-based-programming/src/main/java/org/example/week6/GenericMethod/DataRepository.java,,39,14,변경
2023-11-02T13:51:00.434+09:00,koust,KeyEvent,116:84:0,Lab,Editor,C:/Users/koust/Desktop/github/platform-based-programming/src/main/java/org/example/week6/GenericMethod/DataRepository.java,,39,15,변경
2023-11-02T13:51:00.665+09:00,koust,KeyEvent,10:10:0,Lab,Editor,C:/Users/koust/Desktop/github/platform-based-programming/src/main/java/org/example/week6/GenericMethod/DataRepository.java,,39,31,변경
2023-11-02T13:51:00.775+09:00,koust,KeyEvent,65535:17:2,Lab,Editor,C:/Users/koust/Desktop/github/platform-based-programming/src/main/java/org/example/week6/GenericMethod/DataRepository.java,,39,31,변경
2023-11-02T13:51:00.863+09:00,koust,KeyEvent,22:86:2,Lab,Editor,C:/Users/koust/Desktop/github/platform-based-programming/src/main/java/org/example/week6/GenericMethod/DataRepository.java,,39,64,변경
2023-11-02T13:51:01.148+09:00,koust,KeyEvent,65535:17:2,Lab,Editor,C:/Users/koust/Desktop/github/platform-based-programming/src/main/java/org/example/week6/GenericMethod/DataRepository.java,,39,64,변경
2023-11-02T13:51:01.425+09:00,koust,KeyEvent,10:10:2,Lab,Editor,C:/Users/koust/Desktop/github/platform-based-programming/src/main/java/org/example/week6/GenericMethod/DataRepository.java,,39,64,변경
2023-11-02T13:51:01.582+09:00,koust,KeyEvent,10:10:0,,,,,-1,-1,
2023-11-02T13:51:19.263+09:00,koust,KeyEvent,65535:40:0,Lab,Editor,C:/Users/koust/Desktop/github/platform-based-programming/src/main/java/org/example/week6/GenericMethod/GenericMethodTest.java,,14,0,변경
2023-11-02T13:51:19.768+09:00,koust,KeyEvent,65535:40:0,Lab,Editor,C:/Users/koust/Desktop/github/platform-based-programming/src/main/java/org/example/week6/GenericMethod/GenericMethodTest.java,,15,18,변경
2023-11-02T13:51:19.798+09:00,koust,KeyEvent,65535:40:0,Lab,Editor,C:/Users/koust/Desktop/github/platform-based-programming/src/main/java/org/example/week6/GenericMethod/GenericMethodTest.java,,16,0,변경
2023-11-02T13:51:19.828+09:00,koust,KeyEvent,65535:40:0,Lab,Editor,C:/Users/koust/Desktop/github/platform-based-programming/src/main/java/org/example/week6/GenericMethod/GenericMethodTest.java,,17,18,변경
2023-11-02T13:51:19.858+09:00,koust,KeyEvent,65535:40:0,Lab,Editor,C:/Users/koust/Desktop/github/platform-based-programming/src/main/java/org/example/week6/GenericMethod/GenericMethodTest.java,,18,0,변경
2023-11-02T13:51:19.888+09:00,koust,KeyEvent,65535:40:0,Lab,Editor,C:/Users/koust/Desktop/github/platform-based-programming/src/main/java/org/example/week6/GenericMethod/GenericMethodTest.java,,19,0,변경
2023-11-02T13:51:19.918+09:00,koust,KeyEvent,65535:40:0,Lab,Editor,C:/Users/koust/Desktop/github/platform-based-programming/src/main/java/org/example/week6/GenericMethod/GenericMethodTest.java,,20,0,변경
2023-11-02T13:51:19.948+09:00,koust,KeyEvent,65535:40:0,Lab,Editor,C:/Users/koust/Desktop/github/platform-based-programming/src/main/java/org/example/week6/GenericMethod/GenericMethodTest.java,,21,18,변경
2023-11-02T13:51:19.978+09:00,koust,KeyEvent,65535:40:0,Lab,Editor,C:/Users/koust/Desktop/github/platform-based-programming/src/main/java/org/example/week6/GenericMethod/GenericMethodTest.java,,22,0,변경
2023-11-02T13:51:20.446+09:00,koust,KeyEvent,65535:40:0,Lab,Editor,C:/Users/koust/Desktop/github/platform-based-programming/src/main/java/org/example/week6/GenericMethod/GenericMethodTest.java,,23,18,변경
2023-11-02T13:51:20.665+09:00,koust,KeyEvent,65535:40:0,Lab,Editor,C:/Users/koust/Desktop/github/platform-based-programming/src/main/java/org/example/week6/GenericMethod/GenericMethodTest.java,,24,0,변경
2023-11-02T13:51:20.924+09:00,koust,KeyEvent,65535:40:0,Lab,Editor,C:/Users/koust/Desktop/github/platform-based-programming/src/main/java/org/example/week6/GenericMethod/GenericMethodTest.java,,25,18,변경
2023-11-02T13:51:21.686+09:00,koust,KeyEvent,65535:38:0,Lab,Editor,C:/Users/koust/Desktop/github/platform-based-programming/src/main/java/org/example/week6/GenericMethod/GenericMethodTest.java,,24,0,변경
2023-11-02T13:51:22.018+09:00,koust,KeyEvent,65535:38:0,Lab,Editor,C:/Users/koust/Desktop/github/platform-based-programming/src/main/java/org/example/week6/GenericMethod/GenericMethodTest.java,,23,18,변경
2023-11-02T13:51:25.042+09:00,koust,KeyEvent,65535:40:0,Lab,Project,C:/Users/koust/Desktop/github/platform-based-programming/src/main/java/org/example/week6/GenericMethod/GenericMethodTest.java,,23,18,변경
2023-11-02T13:51:25.279+09:00,koust,KeyEvent,65535:40:0,Lab,Project,C:/Users/koust/Desktop/github/platform-based-programming/src/main/java/org/example/week6/GenericMethod/GenericMethodTest.java,,23,18,변경
2023-11-02T13:51:27.456+09:00,koust,KeyEvent,65535:38:0,Lab,Project,C:/Users/koust/Desktop/github/platform-based-programming/src/main/java/org/example/week6/GenericMethod/GenericMethodTest.java,,23,18,변경
2023-11-02T13:51:27.837+09:00,koust,KeyEvent,65535:40:0,Lab,Project,C:/Users/koust/Desktop/github/platform-based-programming/src/main/java/org/example/week6/GenericMethod/GenericMethodTest.java,,23,18,변경
2023-11-02T13:51:28.181+09:00,koust,KeyEvent,65535:38:0,Lab,Project,C:/Users/koust/Desktop/github/platform-based-programming/src/main/java/org/example/week6/GenericMethod/GenericMethodTest.java,,23,18,변경
2023-11-02T13:51:28.678+09:00,koust,KeyEvent,10:10:0,Lab,Project,C:/Users/koust/Desktop/github/platform-based-programming/src/main/java/org/example/week6/GenericMethod/DataRepository.java,,39,40,변경
2023-11-02T13:51:30.911+09:00,koust,KeyEvent,65535:40:0,Lab,Editor,C:/Users/koust/Desktop/github/platform-based-programming/src/main/java/org/example/week6/GenericMethod/DataRepository.java,,41,0,변경
2023-11-02T13:51:31.117+09:00,koust,KeyEvent,65535:40:0,Lab,Editor,C:/Users/koust/Desktop/github/platform-based-programming/src/main/java/org/example/week6/GenericMethod/DataRepository.java,,42,9,변경
2023-11-02T13:51:31.621+09:00,koust,KeyEvent,65535:38:0,Lab,Editor,C:/Users/koust/Desktop/github/platform-based-programming/src/main/java/org/example/week6/GenericMethod/DataRepository.java,,41,0,변경
2023-11-02T13:51:31.800+09:00,koust,KeyEvent,65535:38:0,Lab,Editor,C:/Users/koust/Desktop/github/platform-based-programming/src/main/java/org/example/week6/GenericMethod/DataRepository.java,,40,9,변경
2023-11-02T13:51:32.335+09:00,koust,KeyEvent,65535:38:0,Lab,Editor,C:/Users/koust/Desktop/github/platform-based-programming/src/main/java/org/example/week6/GenericMethod/DataRepository.java,,39,9,변경
2023-11-02T13:51:32.840+09:00,koust,KeyEvent,65535:38:0,Lab,Editor,C:/Users/koust/Desktop/github/platform-based-programming/src/main/java/org/example/week6/GenericMethod/DataRepository.java,,38,9,변경
2023-11-02T13:51:32.869+09:00,koust,KeyEvent,65535:38:0,Lab,Editor,C:/Users/koust/Desktop/github/platform-based-programming/src/main/java/org/example/week6/GenericMethod/DataRepository.java,,37,9,변경
2023-11-02T13:51:32.899+09:00,koust,KeyEvent,65535:38:0,Lab,Editor,C:/Users/koust/Desktop/github/platform-based-programming/src/main/java/org/example/week6/GenericMethod/DataRepository.java,,36,0,변경
2023-11-02T13:51:32.930+09:00,koust,KeyEvent,65535:38:0,Lab,Editor,C:/Users/koust/Desktop/github/platform-based-programming/src/main/java/org/example/week6/GenericMethod/DataRepository.java,,35,9,변경
2023-11-02T13:51:32.962+09:00,koust,KeyEvent,65535:38:0,Lab,Editor,C:/Users/koust/Desktop/github/platform-based-programming/src/main/java/org/example/week6/GenericMethod/DataRepository.java,,34,0,변경
2023-11-02T13:51:32.989+09:00,koust,KeyEvent,65535:38:0,Lab,Editor,C:/Users/koust/Desktop/github/platform-based-programming/src/main/java/org/example/week6/GenericMethod/DataRepository.java,,33,9,변경
2023-11-02T13:51:33.721+09:00,koust,KeyEvent,65535:38:0,Lab,Editor,C:/Users/koust/Desktop/github/platform-based-programming/src/main/java/org/example/week6/GenericMethod/DataRepository.java,,32,0,변경
2023-11-02T13:51:34.224+09:00,koust,KeyEvent,65535:38:0,Lab,Editor,C:/Users/koust/Desktop/github/platform-based-programming/src/main/java/org/example/week6/GenericMethod/DataRepository.java,,31,9,변경
2023-11-02T13:51:34.255+09:00,koust,KeyEvent,65535:38:0,Lab,Editor,C:/Users/koust/Desktop/github/platform-based-programming/src/main/java/org/example/week6/GenericMethod/DataRepository.java,,30,0,변경
2023-11-02T13:51:34.284+09:00,koust,KeyEvent,65535:38:0,Lab,Editor,C:/Users/koust/Desktop/github/platform-based-programming/src/main/java/org/example/week6/GenericMethod/DataRepository.java,,29,0,변경
2023-11-02T13:51:34.314+09:00,koust,KeyEvent,65535:38:0,Lab,Editor,C:/Users/koust/Desktop/github/platform-based-programming/src/main/java/org/example/week6/GenericMethod/DataRepository.java,,28,0,변경
2023-11-02T13:51:34.344+09:00,koust,KeyEvent,65535:38:0,Lab,Editor,C:/Users/koust/Desktop/github/platform-based-programming/src/main/java/org/example/week6/GenericMethod/DataRepository.java,,27,5,변경
2023-11-02T13:51:34.374+09:00,koust,KeyEvent,65535:38:0,Lab,Editor,C:/Users/koust/Desktop/github/platform-based-programming/src/main/java/org/example/week6/GenericMethod/DataRepository.java,,26,0,변경
2023-11-02T13:51:34.404+09:00,koust,KeyEvent,65535:38:0,Lab,Editor,C:/Users/koust/Desktop/github/platform-based-programming/src/main/java/org/example/week6/GenericMethod/DataRepository.java,,25,9,변경
2023-11-02T13:51:34.435+09:00,koust,KeyEvent,65535:38:0,Lab,Editor,C:/Users/koust/Desktop/github/platform-based-programming/src/main/java/org/example/week6/GenericMethod/DataRepository.java,,24,0,변경
2023-11-02T13:51:34.702+09:00,koust,KeyEvent,65535:38:0,Lab,Editor,C:/Users/koust/Desktop/github/platform-based-programming/src/main/java/org/example/week6/GenericMethod/DataRepository.java,,23,9,변경
2023-11-02T13:51:35.205+09:00,koust,KeyEvent,65535:38:0,Lab,Editor,C:/Users/koust/Desktop/github/platform-based-programming/src/main/java/org/example/week6/GenericMethod/DataRepository.java,,22,0,변경
2023-11-02T13:51:35.236+09:00,koust,KeyEvent,65535:38:0,Lab,Editor,C:/Users/koust/Desktop/github/platform-based-programming/src/main/java/org/example/week6/GenericMethod/DataRepository.java,,21,0,변경
2023-11-02T13:51:35.266+09:00,koust,KeyEvent,65535:38:0,Lab,Editor,C:/Users/koust/Desktop/github/platform-based-programming/src/main/java/org/example/week6/GenericMethod/DataRepository.java,,20,0,변경
2023-11-02T13:51:35.297+09:00,koust,KeyEvent,65535:38:0,Lab,Editor,C:/Users/koust/Desktop/github/platform-based-programming/src/main/java/org/example/week6/GenericMethod/DataRepository.java,,19,5,변경
2023-11-02T13:51:35.326+09:00,koust,KeyEvent,65535:38:0,Lab,Editor,C:/Users/koust/Desktop/github/platform-based-programming/src/main/java/org/example/week6/GenericMethod/DataRepository.java,,18,0,변경
2023-11-02T13:51:35.357+09:00,koust,KeyEvent,65535:38:0,Lab,Editor,C:/Users/koust/Desktop/github/platform-based-programming/src/main/java/org/example/week6/GenericMethod/DataRepository.java,,17,9,변경
2023-11-02T13:51:35.388+09:00,koust,KeyEvent,65535:38:0,Lab,Editor,C:/Users/koust/Desktop/github/platform-based-programming/src/main/java/org/example/week6/GenericMethod/DataRepository.java,,16,0,변경
2023-11-02T13:51:35.418+09:00,koust,KeyEvent,65535:38:0,Lab,Editor,C:/Users/koust/Desktop/github/platform-based-programming/src/main/java/org/example/week6/GenericMethod/DataRepository.java,,15,9,변경
2023-11-02T13:51:35.447+09:00,koust,KeyEvent,65535:38:0,Lab,Editor,C:/Users/koust/Desktop/github/platform-based-programming/src/main/java/org/example/week6/GenericMethod/DataRepository.java,,14,0,변경
2023-11-02T13:51:35.477+09:00,koust,KeyEvent,65535:38:0,Lab,Editor,C:/Users/koust/Desktop/github/platform-based-programming/src/main/java/org/example/week6/GenericMethod/DataRepository.java,,13,0,변경
2023-11-02T13:51:35.508+09:00,koust,KeyEvent,65535:38:0,Lab,Editor,C:/Users/koust/Desktop/github/platform-based-programming/src/main/java/org/example/week6/GenericMethod/DataRepository.java,,12,0,변경
2023-11-02T13:51:36.039+09:00,koust,KeyEvent,65535:40:0,Lab,Editor,C:/Users/koust/Desktop/github/platform-based-programming/src/main/java/org/example/week6/GenericMethod/DataRepository.java,,13,0,변경
2023-11-02T13:51:36.535+09:00,koust,KeyEvent,65535:40:0,Lab,Editor,C:/Users/koust/Desktop/github/platform-based-programming/src/main/java/org/example/week6/GenericMethod/DataRepository.java,,14,0,변경
2023-11-02T13:51:36.567+09:00,koust,KeyEvent,65535:40:0,Lab,Editor,C:/Users/koust/Desktop/github/platform-based-programming/src/main/java/org/example/week6/GenericMethod/DataRepository.java,,15,9,변경
2023-11-02T13:51:36.595+09:00,koust,KeyEvent,65535:40:0,Lab,Editor,C:/Users/koust/Desktop/github/platform-based-programming/src/main/java/org/example/week6/GenericMethod/DataRepository.java,,16,0,변경
2023-11-02T13:51:36.625+09:00,koust,KeyEvent,65535:40:0,Lab,Editor,C:/Users/koust/Desktop/github/platform-based-programming/src/main/java/org/example/week6/GenericMethod/DataRepository.java,,17,9,변경
2023-11-02T13:51:36.657+09:00,koust,KeyEvent,65535:40:0,Lab,Editor,C:/Users/koust/Desktop/github/platform-based-programming/src/main/java/org/example/week6/GenericMethod/DataRepository.java,,18,0,변경
2023-11-02T13:51:36.686+09:00,koust,KeyEvent,65535:40:0,Lab,Editor,C:/Users/koust/Desktop/github/platform-based-programming/src/main/java/org/example/week6/GenericMethod/DataRepository.java,,19,5,변경
2023-11-02T13:51:36.717+09:00,koust,KeyEvent,65535:40:0,Lab,Editor,C:/Users/koust/Desktop/github/platform-based-programming/src/main/java/org/example/week6/GenericMethod/DataRepository.java,,20,0,변경
2023-11-02T13:51:36.746+09:00,koust,KeyEvent,65535:40:0,Lab,Editor,C:/Users/koust/Desktop/github/platform-based-programming/src/main/java/org/example/week6/GenericMethod/DataRepository.java,,21,0,변경
2023-11-02T13:51:36.778+09:00,koust,KeyEvent,65535:40:0,Lab,Editor,C:/Users/koust/Desktop/github/platform-based-programming/src/main/java/org/example/week6/GenericMethod/DataRepository.java,,22,0,변경
2023-11-02T13:51:36.807+09:00,koust,KeyEvent,65535:40:0,Lab,Editor,C:/Users/koust/Desktop/github/platform-based-programming/src/main/java/org/example/week6/GenericMethod/DataRepository.java,,23,9,변경
2023-11-02T13:51:36.836+09:00,koust,KeyEvent,65535:40:0,Lab,Editor,C:/Users/koust/Desktop/github/platform-based-programming/src/main/java/org/example/week6/GenericMethod/DataRepository.java,,24,0,변경
2023-11-02T13:51:36.867+09:00,koust,KeyEvent,65535:40:0,Lab,Editor,C:/Users/koust/Desktop/github/platform-based-programming/src/main/java/org/example/week6/GenericMethod/DataRepository.java,,25,9,변경
2023-11-02T13:51:36.898+09:00,koust,KeyEvent,65535:40:0,Lab,Editor,C:/Users/koust/Desktop/github/platform-based-programming/src/main/java/org/example/week6/GenericMethod/DataRepository.java,,26,0,변경
2023-11-02T13:51:36.927+09:00,koust,KeyEvent,65535:40:0,Lab,Editor,C:/Users/koust/Desktop/github/platform-based-programming/src/main/java/org/example/week6/GenericMethod/DataRepository.java,,27,5,변경
2023-11-02T13:51:36.958+09:00,koust,KeyEvent,65535:40:0,Lab,Editor,C:/Users/koust/Desktop/github/platform-based-programming/src/main/java/org/example/week6/GenericMethod/DataRepository.java,,28,0,변경
2023-11-02T13:51:36.988+09:00,koust,KeyEvent,65535:40:0,Lab,Editor,C:/Users/koust/Desktop/github/platform-based-programming/src/main/java/org/example/week6/GenericMethod/DataRepository.java,,29,0,변경
2023-11-02T13:51:37.019+09:00,koust,KeyEvent,65535:40:0,Lab,Editor,C:/Users/koust/Desktop/github/platform-based-programming/src/main/java/org/example/week6/GenericMethod/DataRepository.java,,30,0,변경
2023-11-02T13:51:37.049+09:00,koust,KeyEvent,65535:40:0,Lab,Editor,C:/Users/koust/Desktop/github/platform-based-programming/src/main/java/org/example/week6/GenericMethod/DataRepository.java,,31,9,변경
2023-11-02T13:51:37.078+09:00,koust,KeyEvent,65535:40:0,Lab,Editor,C:/Users/koust/Desktop/github/platform-based-programming/src/main/java/org/example/week6/GenericMethod/DataRepository.java,,32,0,변경
2023-11-02T13:51:37.110+09:00,koust,KeyEvent,65535:40:0,Lab,Editor,C:/Users/koust/Desktop/github/platform-based-programming/src/main/java/org/example/week6/GenericMethod/DataRepository.java,,33,9,변경
2023-11-02T13:51:37.140+09:00,koust,KeyEvent,65535:40:0,Lab,Editor,C:/Users/koust/Desktop/github/platform-based-programming/src/main/java/org/example/week6/GenericMethod/DataRepository.java,,34,0,변경
2023-11-02T13:51:37.169+09:00,koust,KeyEvent,65535:40:0,Lab,Editor,C:/Users/koust/Desktop/github/platform-based-programming/src/main/java/org/example/week6/GenericMethod/DataRepository.java,,35,9,변경
2023-11-02T13:51:37.200+09:00,koust,KeyEvent,65535:40:0,Lab,Editor,C:/Users/koust/Desktop/github/platform-based-programming/src/main/java/org/example/week6/GenericMethod/DataRepository.java,,36,0,변경
2023-11-02T13:51:37.230+09:00,koust,KeyEvent,65535:40:0,Lab,Editor,C:/Users/koust/Desktop/github/platform-based-programming/src/main/java/org/example/week6/GenericMethod/DataRepository.java,,37,9,변경
2023-11-02T13:51:37.261+09:00,koust,KeyEvent,65535:40:0,Lab,Editor,C:/Users/koust/Desktop/github/platform-based-programming/src/main/java/org/example/week6/GenericMethod/DataRepository.java,,38,9,변경
2023-11-02T13:51:37.294+09:00,koust,KeyEvent,65535:40:0,Lab,Editor,C:/Users/koust/Desktop/github/platform-based-programming/src/main/java/org/example/week6/GenericMethod/DataRepository.java,,39,9,변경
2023-11-02T13:51:37.323+09:00,koust,KeyEvent,65535:40:0,Lab,Editor,C:/Users/koust/Desktop/github/platform-based-programming/src/main/java/org/example/week6/GenericMethod/DataRepository.java,,40,9,변경
2023-11-02T13:51:38.884+09:00,koust,KeyEvent,65535:17:2,Lab,Editor,C:/Users/koust/Desktop/github/platform-based-programming/src/main/java/org/example/week6/GenericMethod/DataRepository.java,,38,33,변경
2023-11-02T13:51:38.917+09:00,koust,KeyEvent,65535:16:3,Lab,Editor,C:/Users/koust/Desktop/github/platform-based-programming/src/main/java/org/example/week6/GenericMethod/DataRepository.java,,38,33,변경
2023-11-02T13:51:39.037+09:00,koust,KeyEvent,65535:37:3,Lab,Editor,C:/Users/koust/Desktop/github/platform-based-programming/src/main/java/org/example/week6/GenericMethod/DataRepository.java,,38,26,변경
2023-11-02T13:51:39.974+09:00,koust,KeyEvent,65535:40:0,Lab,Editor,C:/Users/koust/Desktop/github/platform-based-programming/src/main/java/org/example/week6/GenericMethod/DataRepository.java,,39,33,변경
2023-11-02T13:51:40.301+09:00,koust,KeyEvent,65535:38:0,Lab,Editor,C:/Users/koust/Desktop/github/platform-based-programming/src/main/java/org/example/week6/GenericMethod/DataRepository.java,,38,33,변경
2023-11-02T13:51:40.469+09:00,koust,KeyEvent,65535:40:0,Lab,Editor,C:/Users/koust/Desktop/github/platform-based-programming/src/main/java/org/example/week6/GenericMethod/DataRepository.java,,39,33,변경
2023-11-02T13:51:40.654+09:00,koust,KeyEvent,65535:40:0,Lab,Editor,C:/Users/koust/Desktop/github/platform-based-programming/src/main/java/org/example/week6/GenericMethod/DataRepository.java,,40,9,변경
2023-11-02T13:51:40.837+09:00,koust,KeyEvent,65535:16:1,Lab,Editor,C:/Users/koust/Desktop/github/platform-based-programming/src/main/java/org/example/week6/GenericMethod/DataRepository.java,,40,9,변경
2023-11-02T13:51:40.935+09:00,koust,KeyEvent,65535:38:1,Lab,Editor,C:/Users/koust/Desktop/github/platform-based-programming/src/main/java/org/example/week6/GenericMethod/DataRepository.java,,39,33,변경
2023-11-02T13:51:41.103+09:00,koust,KeyEvent,65535:38:1,Lab,Editor,C:/Users/koust/Desktop/github/platform-based-programming/src/main/java/org/example/week6/GenericMethod/DataRepository.java,,38,33,변경
2023-11-02T13:51:41.422+09:00,koust,KeyEvent,65535:17:3,Lab,Editor,C:/Users/koust/Desktop/github/platform-based-programming/src/main/java/org/example/week6/GenericMethod/DataRepository.java,,38,33,변경
2023-11-02T13:51:41.838+09:00,koust,KeyEvent,65535:37:3,Lab,Editor,C:/Users/koust/Desktop/github/platform-based-programming/src/main/java/org/example/week6/GenericMethod/DataRepository.java,,38,26,변경
2023-11-02T13:51:42.009+09:00,koust,KeyEvent,65535:37:3,Lab,Editor,C:/Users/koust/Desktop/github/platform-based-programming/src/main/java/org/example/week6/GenericMethod/DataRepository.java,,38,24,변경
2023-11-02T13:51:42.138+09:00,koust,KeyEvent,65535:37:3,Lab,Editor,C:/Users/koust/Desktop/github/platform-based-programming/src/main/java/org/example/week6/GenericMethod/DataRepository.java,,38,15,변경
2023-11-02T13:51:42.275+09:00,koust,KeyEvent,65535:37:3,Lab,Editor,C:/Users/koust/Desktop/github/platform-based-programming/src/main/java/org/example/week6/GenericMethod/DataRepository.java,,38,13,변경
2023-11-02T13:51:42.598+09:00,koust,KeyEvent,65535:37:3,Lab,Editor,C:/Users/koust/Desktop/github/platform-based-programming/src/main/java/org/example/week6/GenericMethod/DataRepository.java,,38,12,변경
2023-11-02T13:51:42.905+09:00,koust,KeyEvent,65535:37:3,Lab,Editor,C:/Users/koust/Desktop/github/platform-based-programming/src/main/java/org/example/week6/GenericMethod/DataRepository.java,,38,8,변경
2023-11-02T13:51:43.431+09:00,koust,KeyEvent,8:8:0,Lab,Editor,C:/Users/koust/Desktop/github/platform-based-programming/src/main/java/org/example/week6/GenericMethod/DataRepository.java,,38,8,변경
2023-11-02T13:51:43.612+09:00,koust,KeyEvent,105:73:0,Lab,Editor,C:/Users/koust/Desktop/github/platform-based-programming/src/main/java/org/example/week6/GenericMethod/DataRepository.java,,38,8,변경
2023-11-02T13:51:43.744+09:00,koust,KeyEvent,116:84:0,Lab,Editor,C:/Users/koust/Desktop/github/platform-based-programming/src/main/java/org/example/week6/GenericMethod/DataRepository.java,,38,9,변경
2023-11-02T13:51:43.927+09:00,koust,KeyEvent,101:69:0,Lab,Editor,C:/Users/koust/Desktop/github/platform-based-programming/src/main/java/org/example/week6/GenericMethod/DataRepository.java,,38,10,변경
2023-11-02T13:51:43.969+09:00,koust,KeyEvent,114:82:0,Lab,Editor,C:/Users/koust/Desktop/github/platform-based-programming/src/main/java/org/example/week6/GenericMethod/DataRepository.java,,38,11,변경
2023-11-02T13:51:44.618+09:00,koust,KeyEvent,10:10:0,Lab,Editor,C:/Users/koust/Desktop/github/platform-based-programming/src/main/java/org/example/week6/GenericMethod/DataRepository.java,,38,33,변경
2023-11-02T13:51:45.810+09:00,koust,KeyEvent,65535:40:0,Lab,Editor,C:/Users/koust/Desktop/github/platform-based-programming/src/main/java/org/example/week6/GenericMethod/DataRepository.java,,38,33,변경
2023-11-02T13:51:46.194+09:00,koust,KeyEvent,10:10:0,Lab,Editor,C:/Users/koust/Desktop/github/platform-based-programming/src/main/java/org/example/week6/GenericMethod/DataRepository.java,,38,25,변경
2023-11-02T13:51:46.595+09:00,koust,KeyEvent,10:10:0,Lab,Editor,C:/Users/koust/Desktop/github/platform-based-programming/src/main/java/org/example/week6/GenericMethod/DataRepository.java,,39,12,변경
2023-11-02T13:51:47.591+09:00,koust,KeyEvent,115:83:0,Lab,Editor,C:/Users/koust/Desktop/github/platform-based-programming/src/main/java/org/example/week6/GenericMethod/DataRepository.java,,39,12,변경
2023-11-02T13:51:47.613+09:00,koust,KeyEvent,111:79:0,Lab,Editor,C:/Users/koust/Desktop/github/platform-based-programming/src/main/java/org/example/week6/GenericMethod/DataRepository.java,,39,13,변경
2023-11-02T13:51:47.915+09:00,koust,KeyEvent,8:8:0,Lab,Editor,C:/Users/koust/Desktop/github/platform-based-programming/src/main/java/org/example/week6/GenericMethod/DataRepository.java,,39,13,변경
2023-11-02T13:51:48.101+09:00,koust,KeyEvent,8:8:0,Lab,Editor,C:/Users/koust/Desktop/github/platform-based-programming/src/main/java/org/example/week6/GenericMethod/DataRepository.java,,39,12,변경
2023-11-02T13:51:49.967+09:00,koust,KeyEvent,115:83:0,Lab,Editor,C:/Users/koust/Desktop/github/platform-based-programming/src/main/java/org/example/week6/GenericMethod/DataRepository.java,,39,12,변경
2023-11-02T13:51:50.149+09:00,koust,KeyEvent,111:79:0,Lab,Editor,C:/Users/koust/Desktop/github/platform-based-programming/src/main/java/org/example/week6/GenericMethod/DataRepository.java,,39,13,변경
2023-11-02T13:51:50.470+09:00,koust,KeyEvent,117:85:0,Lab,Editor,C:/Users/koust/Desktop/github/platform-based-programming/src/main/java/org/example/week6/GenericMethod/DataRepository.java,,39,14,변경
2023-11-02T13:51:50.576+09:00,koust,KeyEvent,116:84:0,Lab,Editor,C:/Users/koust/Desktop/github/platform-based-programming/src/main/java/org/example/week6/GenericMethod/DataRepository.java,,39,15,변경
2023-11-02T13:51:50.910+09:00,koust,KeyEvent,10:10:0,Lab,Editor,C:/Users/koust/Desktop/github/platform-based-programming/src/main/java/org/example/week6/GenericMethod/DataRepository.java,,39,31,변경
2023-11-02T13:51:51.684+09:00,koust,KeyEvent,100:68:0,Lab,Editor,C:/Users/koust/Desktop/github/platform-based-programming/src/main/java/org/example/week6/GenericMethod/DataRepository.java,,39,31,변경
2023-11-02T13:51:51.955+09:00,koust,KeyEvent,97:65:0,Lab,Editor,C:/Users/koust/Desktop/github/platform-based-programming/src/main/java/org/example/week6/GenericMethod/DataRepository.java,,39,32,변경
2023-11-02T13:51:52.242+09:00,koust,KeyEvent,10:10:0,Lab,Editor,C:/Users/koust/Desktop/github/platform-based-programming/src/main/java/org/example/week6/GenericMethod/DataRepository.java,,39,36,변경
2023-11-02T13:51:52.395+09:00,koust,KeyEvent,46:46:0,Lab,Editor,C:/Users/koust/Desktop/github/platform-based-programming/src/main/java/org/example/week6/GenericMethod/DataRepository.java,,39,36,변경
2023-11-02T13:51:52.678+09:00,koust,KeyEvent,103:71:0,Lab,Editor,C:/Users/koust/Desktop/github/platform-based-programming/src/main/java/org/example/week6/GenericMethod/DataRepository.java,,39,37,변경
2023-11-02T13:51:52.874+09:00,koust,KeyEvent,101:69:0,Lab,Editor,C:/Users/koust/Desktop/github/platform-based-programming/src/main/java/org/example/week6/GenericMethod/DataRepository.java,,39,38,변경
2023-11-02T13:51:53.005+09:00,koust,KeyEvent,116:84:0,Lab,Editor,C:/Users/koust/Desktop/github/platform-based-programming/src/main/java/org/example/week6/GenericMethod/DataRepository.java,,39,39,변경
2023-11-02T13:51:53.319+09:00,koust,KeyEvent,10:10:0,Lab,Editor,C:/Users/koust/Desktop/github/platform-based-programming/src/main/java/org/example/week6/GenericMethod/DataRepository.java,,39,47,변경
2023-11-02T13:51:53.473+09:00,koust,KeyEvent,46:46:0,Lab,Editor,C:/Users/koust/Desktop/github/platform-based-programming/src/main/java/org/example/week6/GenericMethod/DataRepository.java,,39,47,변경
2023-11-02T13:51:53.687+09:00,koust,KeyEvent,103:71:0,Lab,Editor,C:/Users/koust/Desktop/github/platform-based-programming/src/main/java/org/example/week6/GenericMethod/DataRepository.java,,39,48,변경
2023-11-02T13:51:53.873+09:00,koust,KeyEvent,101:69:0,Lab,Editor,C:/Users/koust/Desktop/github/platform-based-programming/src/main/java/org/example/week6/GenericMethod/DataRepository.java,,39,49,변경
2023-11-02T13:51:53.986+09:00,koust,KeyEvent,116:84:0,Lab,Editor,C:/Users/koust/Desktop/github/platform-based-programming/src/main/java/org/example/week6/GenericMethod/DataRepository.java,,39,50,변경
2023-11-02T13:51:54.132+09:00,koust,KeyEvent,65535:16:1,Lab,Editor,C:/Users/koust/Desktop/github/platform-based-programming/src/main/java/org/example/week6/GenericMethod/DataRepository.java,,39,51,변경
2023-11-02T13:51:54.299+09:00,koust,KeyEvent,84:84:1,Lab,Editor,C:/Users/koust/Desktop/github/platform-based-programming/src/main/java/org/example/week6/GenericMethod/DataRepository.java,,39,51,변경
2023-11-02T13:51:54.799+09:00,koust,KeyEvent,10:10:0,Lab,Editor,C:/Users/koust/Desktop/github/platform-based-programming/src/main/java/org/example/week6/GenericMethod/DataRepository.java,,39,61,변경
2023-11-02T13:51:55.053+09:00,koust,KeyEvent,65535:17:2,Lab,Editor,C:/Users/koust/Desktop/github/platform-based-programming/src/main/java/org/example/week6/GenericMethod/DataRepository.java,,39,61,변경
2023-11-02T13:51:55.418+09:00,koust,KeyEvent,10:10:2,Lab,Editor,C:/Users/koust/Desktop/github/platform-based-programming/src/main/java/org/example/week6/GenericMethod/DataRepository.java,,39,61,변경
2023-11-02T13:51:55.609+09:00,koust,KeyEvent,10:10:0,,,,,-1,-1,
2023-11-02T13:52:01.044+09:00,koust,KeyEvent,65535:38:0,Lab,Editor,C:/Users/koust/Desktop/github/platform-based-programming/src/main/java/org/example/week6/GenericMethod/DataRepository.java,,39,61,변경
2023-11-02T13:52:01.537+09:00,koust,KeyEvent,65535:38:0,Lab,Editor,C:/Users/koust/Desktop/github/platform-based-programming/src/main/java/org/example/week6/GenericMethod/DataRepository.java,,39,61,변경
2023-11-02T13:52:01.567+09:00,koust,KeyEvent,65535:38:0,Lab,Editor,C:/Users/koust/Desktop/github/platform-based-programming/src/main/java/org/example/week6/GenericMethod/DataRepository.java,,39,61,변경
2023-11-02T13:52:01.596+09:00,koust,KeyEvent,65535:38:0,Lab,Editor,C:/Users/koust/Desktop/github/platform-based-programming/src/main/java/org/example/week6/GenericMethod/DataRepository.java,,39,61,변경
2023-11-02T13:52:01.628+09:00,koust,KeyEvent,65535:38:0,Lab,Editor,C:/Users/koust/Desktop/github/platform-based-programming/src/main/java/org/example/week6/GenericMethod/DataRepository.java,,39,61,변경
2023-11-02T13:52:01.656+09:00,koust,KeyEvent,65535:38:0,Lab,Editor,C:/Users/koust/Desktop/github/platform-based-programming/src/main/java/org/example/week6/GenericMethod/DataRepository.java,,39,61,변경
2023-11-02T13:52:01.687+09:00,koust,KeyEvent,65535:38:0,Lab,Editor,C:/Users/koust/Desktop/github/platform-based-programming/src/main/java/org/example/week6/GenericMethod/DataRepository.java,,39,61,변경
2023-11-02T13:52:01.718+09:00,koust,KeyEvent,65535:38:0,Lab,Editor,C:/Users/koust/Desktop/github/platform-based-programming/src/main/java/org/example/week6/GenericMethod/DataRepository.java,,39,61,변경
2023-11-02T13:52:01.748+09:00,koust,KeyEvent,65535:38:0,Lab,Editor,C:/Users/koust/Desktop/github/platform-based-programming/src/main/java/org/example/week6/GenericMethod/DataRepository.java,,39,61,변경
2023-11-02T13:52:01.778+09:00,koust,KeyEvent,65535:38:0,Lab,Editor,C:/Users/koust/Desktop/github/platform-based-programming/src/main/java/org/example/week6/GenericMethod/DataRepository.java,,39,61,변경
2023-11-02T13:52:01.808+09:00,koust,KeyEvent,65535:38:0,Lab,Editor,C:/Users/koust/Desktop/github/platform-based-programming/src/main/java/org/example/week6/GenericMethod/DataRepository.java,,39,61,변경
2023-11-02T13:52:01.838+09:00,koust,KeyEvent,65535:38:0,Lab,Editor,C:/Users/koust/Desktop/github/platform-based-programming/src/main/java/org/example/week6/GenericMethod/DataRepository.java,,39,61,변경
2023-11-02T13:52:01.868+09:00,koust,KeyEvent,65535:38:0,Lab,Editor,C:/Users/koust/Desktop/github/platform-based-programming/src/main/java/org/example/week6/GenericMethod/DataRepository.java,,39,61,변경
2023-11-02T13:52:01.901+09:00,koust,KeyEvent,65535:38:0,Lab,Editor,C:/Users/koust/Desktop/github/platform-based-programming/src/main/java/org/example/week6/GenericMethod/DataRepository.java,,39,61,변경
2023-11-02T13:52:02.471+09:00,koust,KeyEvent,65535:38:0,Lab,Editor,C:/Users/koust/Desktop/github/platform-based-programming/src/main/java/org/example/week6/GenericMethod/DataRepository.java,,39,61,변경
2023-11-02T13:52:02.870+09:00,koust,KeyEvent,65535:40:0,Lab,Editor,C:/Users/koust/Desktop/github/platform-based-programming/src/main/java/org/example/week6/GenericMethod/DataRepository.java,,39,61,변경
2023-11-02T13:52:03.376+09:00,koust,KeyEvent,65535:40:0,Lab,Editor,C:/Users/koust/Desktop/github/platform-based-programming/src/main/java/org/example/week6/GenericMethod/DataRepository.java,,39,61,변경
2023-11-02T13:52:03.405+09:00,koust,KeyEvent,65535:40:0,Lab,Editor,C:/Users/koust/Desktop/github/platform-based-programming/src/main/java/org/example/week6/GenericMethod/DataRepository.java,,39,61,변경
2023-11-02T13:52:03.436+09:00,koust,KeyEvent,65535:40:0,Lab,Editor,C:/Users/koust/Desktop/github/platform-based-programming/src/main/java/org/example/week6/GenericMethod/DataRepository.java,,39,61,변경
2023-11-02T13:52:03.466+09:00,koust,KeyEvent,65535:40:0,Lab,Editor,C:/Users/koust/Desktop/github/platform-based-programming/src/main/java/org/example/week6/GenericMethod/DataRepository.java,,39,61,변경
2023-11-02T13:52:03.497+09:00,koust,KeyEvent,65535:40:0,Lab,Editor,C:/Users/koust/Desktop/github/platform-based-programming/src/main/java/org/example/week6/GenericMethod/DataRepository.java,,39,61,변경
2023-11-02T13:52:03.527+09:00,koust,KeyEvent,65535:40:0,Lab,Editor,C:/Users/koust/Desktop/github/platform-based-programming/src/main/java/org/example/week6/GenericMethod/DataRepository.java,,39,61,변경
2023-11-02T13:52:03.557+09:00,koust,KeyEvent,65535:40:0,Lab,Editor,C:/Users/koust/Desktop/github/platform-based-programming/src/main/java/org/example/week6/GenericMethod/DataRepository.java,,39,61,변경
2023-11-02T13:52:03.587+09:00,koust,KeyEvent,65535:40:0,Lab,Editor,C:/Users/koust/Desktop/github/platform-based-programming/src/main/java/org/example/week6/GenericMethod/DataRepository.java,,39,61,변경
2023-11-02T13:52:03.618+09:00,koust,KeyEvent,65535:40:0,Lab,Editor,C:/Users/koust/Desktop/github/platform-based-programming/src/main/java/org/example/week6/GenericMethod/DataRepository.java,,39,61,변경
2023-11-02T13:52:03.646+09:00,koust,KeyEvent,65535:40:0,Lab,Editor,C:/Users/koust/Desktop/github/platform-based-programming/src/main/java/org/example/week6/GenericMethod/DataRepository.java,,39,61,변경
2023-11-02T13:52:03.675+09:00,koust,KeyEvent,65535:40:0,Lab,Editor,C:/Users/koust/Desktop/github/platform-based-programming/src/main/java/org/example/week6/GenericMethod/DataRepository.java,,39,61,변경
2023-11-02T13:52:03.707+09:00,koust,KeyEvent,65535:40:0,Lab,Editor,C:/Users/koust/Desktop/github/platform-based-programming/src/main/java/org/example/week6/GenericMethod/DataRepository.java,,39,61,변경
2023-11-02T13:52:03.737+09:00,koust,KeyEvent,65535:40:0,Lab,Editor,C:/Users/koust/Desktop/github/platform-based-programming/src/main/java/org/example/week6/GenericMethod/DataRepository.java,,39,61,변경
2023-11-02T13:52:03.768+09:00,koust,KeyEvent,65535:40:0,Lab,Editor,C:/Users/koust/Desktop/github/platform-based-programming/src/main/java/org/example/week6/GenericMethod/DataRepository.java,,39,61,변경
2023-11-02T13:52:03.797+09:00,koust,KeyEvent,65535:40:0,Lab,Editor,C:/Users/koust/Desktop/github/platform-based-programming/src/main/java/org/example/week6/GenericMethod/DataRepository.java,,39,61,변경
2023-11-02T13:52:03.827+09:00,koust,KeyEvent,65535:40:0,Lab,Editor,C:/Users/koust/Desktop/github/platform-based-programming/src/main/java/org/example/week6/GenericMethod/DataRepository.java,,39,61,변경
2023-11-02T13:52:03.859+09:00,koust,KeyEvent,65535:40:0,Lab,Editor,C:/Users/koust/Desktop/github/platform-based-programming/src/main/java/org/example/week6/GenericMethod/DataRepository.java,,39,61,변경
2023-11-02T13:52:03.889+09:00,koust,KeyEvent,65535:40:0,Lab,Editor,C:/Users/koust/Desktop/github/platform-based-programming/src/main/java/org/example/week6/GenericMethod/DataRepository.java,,39,61,변경
2023-11-02T13:52:05.202+09:00,koust,KeyEvent,65535:40:0,Lab,Editor,C:/Users/koust/Desktop/github/platform-based-programming/src/main/java/org/example/week6/GenericMethod/DataRepository.java,,41,0,변경
2023-11-02T13:52:05.486+09:00,koust,KeyEvent,65535:38:0,Lab,Editor,C:/Users/koust/Desktop/github/platform-based-programming/src/main/java/org/example/week6/GenericMethod/DataRepository.java,,40,9,변경
2023-11-02T13:52:06.498+09:00,koust,KeyEvent,65535:17:18,Lab,Editor,C:/Users/koust/Desktop/github/platform-based-programming/src/main/java/org/example/week6/GenericMethod/DataRepository.java,,39,63,변경
2023-11-02T13:52:06.509+09:00,koust,KeyEvent,65535:16:19,Lab,Editor,C:/Users/koust/Desktop/github/platform-based-programming/src/main/java/org/example/week6/GenericMethod/DataRepository.java,,39,63,변경
2023-11-02T13:52:06.648+09:00,koust,KeyEvent,65535:37:3,Lab,Editor,C:/Users/koust/Desktop/github/platform-based-programming/src/main/java/org/example/week6/GenericMethod/DataRepository.java,,39,62,변경
2023-11-02T13:52:06.827+09:00,koust,KeyEvent,65535:37:3,Lab,Editor,C:/Users/koust/Desktop/github/platform-based-programming/src/main/java/org/example/week6/GenericMethod/DataRepository.java,,39,60,변경
2023-11-02T13:52:06.946+09:00,koust,KeyEvent,65535:37:3,Lab,Editor,C:/Users/koust/Desktop/github/platform-based-programming/src/main/java/org/example/week6/GenericMethod/DataRepository.java,,39,59,변경
2023-11-02T13:52:07.092+09:00,koust,KeyEvent,65535:37:3,Lab,Editor,C:/Users/koust/Desktop/github/platform-based-programming/src/main/java/org/example/week6/GenericMethod/DataRepository.java,,39,48,변경
2023-11-02T13:52:07.221+09:00,koust,KeyEvent,65535:37:3,Lab,Editor,C:/Users/koust/Desktop/github/platform-based-programming/src/main/java/org/example/week6/GenericMethod/DataRepository.java,,39,47,변경
2023-11-02T13:52:07.366+09:00,koust,KeyEvent,65535:37:3,Lab,Editor,C:/Users/koust/Desktop/github/platform-based-programming/src/main/java/org/example/week6/GenericMethod/DataRepository.java,,39,46,변경
2023-11-02T13:52:07.502+09:00,koust,KeyEvent,65535:37:3,Lab,Editor,C:/Users/koust/Desktop/github/platform-based-programming/src/main/java/org/example/week6/GenericMethod/DataRepository.java,,39,45,변경
2023-11-02T13:52:07.651+09:00,koust,KeyEvent,65535:37:3,Lab,Editor,C:/Users/koust/Desktop/github/platform-based-programming/src/main/java/org/example/week6/GenericMethod/DataRepository.java,,39,37,변경
2023-11-02T13:52:07.796+09:00,koust,KeyEvent,65535:37:3,Lab,Editor,C:/Users/koust/Desktop/github/platform-based-programming/src/main/java/org/example/week6/GenericMethod/DataRepository.java,,39,36,변경
2023-11-02T13:52:07.930+09:00,koust,KeyEvent,65535:37:3,Lab,Editor,C:/Users/koust/Desktop/github/platform-based-programming/src/main/java/org/example/week6/GenericMethod/DataRepository.java,,39,31,변경
2023-11-02T13:52:08.083+09:00,koust,KeyEvent,65535:37:3,Lab,Editor,C:/Users/koust/Desktop/github/platform-based-programming/src/main/java/org/example/week6/GenericMethod/DataRepository.java,,39,30,변경
2023-11-02T13:52:08.230+09:00,koust,KeyEvent,65535:37:3,Lab,Editor,C:/Users/koust/Desktop/github/platform-based-programming/src/main/java/org/example/week6/GenericMethod/DataRepository.java,,39,23,변경
2023-11-02T13:52:08.364+09:00,koust,KeyEvent,65535:37:3,Lab,Editor,C:/Users/koust/Desktop/github/platform-based-programming/src/main/java/org/example/week6/GenericMethod/DataRepository.java,,39,22,변경
2023-11-02T13:52:08.529+09:00,koust,KeyEvent,65535:37:3,Lab,Editor,C:/Users/koust/Desktop/github/platform-based-programming/src/main/java/org/example/week6/GenericMethod/DataRepository.java,,39,19,변경
2023-11-02T13:52:08.836+09:00,koust,KeyEvent,65535:37:3,Lab,Editor,C:/Users/koust/Desktop/github/platform-based-programming/src/main/java/org/example/week6/GenericMethod/DataRepository.java,,39,18,변경
2023-11-02T13:52:09.038+09:00,koust,KeyEvent,65535:37:3,Lab,Editor,C:/Users/koust/Desktop/github/platform-based-programming/src/main/java/org/example/week6/GenericMethod/DataRepository.java,,39,12,변경
2023-11-02T13:52:09.310+09:00,koust,KeyEvent,65535:37:3,Lab,Editor,C:/Users/koust/Desktop/github/platform-based-programming/src/main/java/org/example/week6/GenericMethod/DataRepository.java,,38,35,변경
2023-11-02T13:52:09.676+09:00,koust,KeyEvent,65535:16:1,Lab,Editor,C:/Users/koust/Desktop/github/platform-based-programming/src/main/java/org/example/week6/GenericMethod/DataRepository.java,,38,35,변경
2023-11-02T13:52:09.708+09:00,koust,KeyEvent,65535:17:3,Lab,Editor,C:/Users/koust/Desktop/github/platform-based-programming/src/main/java/org/example/week6/GenericMethod/DataRepository.java,,38,35,변경
2023-11-02T13:52:09.828+09:00,koust,KeyEvent,65535:39:3,Lab,Editor,C:/Users/koust/Desktop/github/platform-based-programming/src/main/java/org/example/week6/GenericMethod/DataRepository.java,,39,0,변경
2023-11-02T13:52:10.208+09:00,koust,KeyEvent,65535:39:3,Lab,Editor,C:/Users/koust/Desktop/github/platform-based-programming/src/main/java/org/example/week6/GenericMethod/DataRepository.java,,39,18,변경
2023-11-02T13:52:10.401+09:00,koust,KeyEvent,65535:37:3,Lab,Editor,C:/Users/koust/Desktop/github/platform-based-programming/src/main/java/org/example/week6/GenericMethod/DataRepository.java,,39,12,변경
2023-11-02T13:52:10.719+09:00,koust,KeyEvent,8:8:0,Lab,Editor,C:/Users/koust/Desktop/github/platform-based-programming/src/main/java/org/example/week6/GenericMethod/DataRepository.java,,39,12,변경
2023-11-02T13:52:10.882+09:00,koust,KeyEvent,105:73:0,Lab,Editor,C:/Users/koust/Desktop/github/platform-based-programming/src/main/java/org/example/week6/GenericMethod/DataRepository.java,,39,12,변경
2023-11-02T13:52:10.986+09:00,koust,KeyEvent,102:70:0,Lab,Editor,C:/Users/koust/Desktop/github/platform-based-programming/src/main/java/org/example/week6/GenericMethod/DataRepository.java,,39,13,변경
2023-11-02T13:52:11.143+09:00,koust,KeyEvent,10:10:0,Lab,Editor,C:/Users/koust/Desktop/github/platform-based-programming/src/main/java/org/example/week6/GenericMethod/DataRepository.java,,39,16,변경
2023-11-02T13:52:12.084+09:00,koust,KeyEvent,100:68:0,Lab,Editor,C:/Users/koust/Desktop/github/platform-based-programming/src/main/java/org/example/week6/GenericMethod/DataRepository.java,,39,16,변경
2023-11-02T13:52:12.245+09:00,koust,KeyEvent,97:65:0,Lab,Editor,C:/Users/koust/Desktop/github/platform-based-programming/src/main/java/org/example/week6/GenericMethod/DataRepository.java,,39,17,변경
2023-11-02T13:52:12.655+09:00,koust,KeyEvent,10:10:0,Lab,Editor,C:/Users/koust/Desktop/github/platform-based-programming/src/main/java/org/example/week6/GenericMethod/DataRepository.java,,39,21,변경
2023-11-02T13:52:12.806+09:00,koust,KeyEvent,46:46:0,Lab,Editor,C:/Users/koust/Desktop/github/platform-based-programming/src/main/java/org/example/week6/GenericMethod/DataRepository.java,,39,21,변경
2023-11-02T13:52:13.684+09:00,koust,KeyEvent,103:71:0,Lab,Editor,C:/Users/koust/Desktop/github/platform-based-programming/src/main/java/org/example/week6/GenericMethod/DataRepository.java,,39,22,변경
2023-11-02T13:52:13.875+09:00,koust,KeyEvent,101:69:0,Lab,Editor,C:/Users/koust/Desktop/github/platform-based-programming/src/main/java/org/example/week6/GenericMethod/DataRepository.java,,39,23,변경
2023-11-02T13:52:13.997+09:00,koust,KeyEvent,116:84:0,Lab,Editor,C:/Users/koust/Desktop/github/platform-based-programming/src/main/java/org/example/week6/GenericMethod/DataRepository.java,,39,24,변경
2023-11-02T13:52:14.288+09:00,koust,KeyEvent,65535:16:1,Lab,Editor,C:/Users/koust/Desktop/github/platform-based-programming/src/main/java/org/example/week6/GenericMethod/DataRepository.java,,39,25,변경
2023-11-02T13:52:14.331+09:00,koust,KeyEvent,67:67:1,Lab,Editor,C:/Users/koust/Desktop/github/platform-based-programming/src/main/java/org/example/week6/GenericMethod/DataRepository.java,,39,25,변경
2023-11-02T13:52:14.544+09:00,koust,KeyEvent,10:10:0,Lab,Editor,C:/Users/koust/Desktop/github/platform-based-programming/src/main/java/org/example/week6/GenericMethod/DataRepository.java,,39,32,변경
2023-11-02T13:52:14.738+09:00,koust,KeyEvent,46:46:0,Lab,Editor,C:/Users/koust/Desktop/github/platform-based-programming/src/main/java/org/example/week6/GenericMethod/DataRepository.java,,39,32,변경
2023-11-02T13:52:14.940+09:00,koust,KeyEvent,103:71:0,Lab,Editor,C:/Users/koust/Desktop/github/platform-based-programming/src/main/java/org/example/week6/GenericMethod/DataRepository.java,,39,33,변경
2023-11-02T13:52:15.111+09:00,koust,KeyEvent,101:69:0,Lab,Editor,C:/Users/koust/Desktop/github/platform-based-programming/src/main/java/org/example/week6/GenericMethod/DataRepository.java,,39,34,변경
2023-11-02T13:52:15.232+09:00,koust,KeyEvent,116:84:0,Lab,Editor,C:/Users/koust/Desktop/github/platform-based-programming/src/main/java/org/example/week6/GenericMethod/DataRepository.java,,39,35,변경
2023-11-02T13:52:15.390+09:00,koust,KeyEvent,65535:16:1,Lab,Editor,C:/Users/koust/Desktop/github/platform-based-programming/src/main/java/org/example/week6/GenericMethod/DataRepository.java,,39,36,변경
2023-11-02T13:52:15.644+09:00,koust,KeyEvent,84:84:1,Lab,Editor,C:/Users/koust/Desktop/github/platform-based-programming/src/main/java/org/example/week6/GenericMethod/DataRepository.java,,39,36,변경
2023-11-02T13:52:15.868+09:00,koust,KeyEvent,121:89:0,Lab,Editor,C:/Users/koust/Desktop/github/platform-based-programming/src/main/java/org/example/week6/GenericMethod/DataRepository.java,,39,37,변경
2023-11-02T13:52:16.333+09:00,koust,KeyEvent,10:10:0,Lab,Editor,C:/Users/koust/Desktop/github/platform-based-programming/src/main/java/org/example/week6/GenericMethod/DataRepository.java,,39,46,변경
2023-11-02T13:52:16.617+09:00,koust,KeyEvent,32:32:0,Lab,Editor,C:/Users/koust/Desktop/github/platform-based-programming/src/main/java/org/example/week6/GenericMethod/DataRepository.java,,39,46,변경
2023-11-02T13:52:16.792+09:00,koust,KeyEvent,61:61:0,Lab,Editor,C:/Users/koust/Desktop/github/platform-based-programming/src/main/java/org/example/week6/GenericMethod/DataRepository.java,,39,47,변경
2023-11-02T13:52:16.934+09:00,koust,KeyEvent,61:61:0,Lab,Editor,C:/Users/koust/Desktop/github/platform-based-programming/src/main/java/org/example/week6/GenericMethod/DataRepository.java,,39,48,변경
2023-11-02T13:52:17.002+09:00,koust,KeyEvent,32:32:0,Lab,Editor,C:/Users/koust/Desktop/github/platform-based-programming/src/main/java/org/example/week6/GenericMethod/DataRepository.java,,39,49,변경
2023-11-02T13:52:17.131+09:00,koust,KeyEvent,8:8:0,Lab,Editor,C:/Users/koust/Desktop/github/platform-based-programming/src/main/java/org/example/week6/GenericMethod/DataRepository.java,,39,49,변경
2023-11-02T13:52:17.278+09:00,koust,KeyEvent,8:8:0,Lab,Editor,C:/Users/koust/Desktop/github/platform-based-programming/src/main/java/org/example/week6/GenericMethod/DataRepository.java,,39,48,변경
2023-11-02T13:52:17.410+09:00,koust,KeyEvent,8:8:0,Lab,Editor,C:/Users/koust/Desktop/github/platform-based-programming/src/main/java/org/example/week6/GenericMethod/DataRepository.java,,39,47,변경
2023-11-02T13:52:17.534+09:00,koust,KeyEvent,8:8:0,Lab,Editor,C:/Users/koust/Desktop/github/platform-based-programming/src/main/java/org/example/week6/GenericMethod/DataRepository.java,,39,46,변경
2023-11-02T13:52:17.688+09:00,koust,KeyEvent,46:46:0,Lab,Editor,C:/Users/koust/Desktop/github/platform-based-programming/src/main/java/org/example/week6/GenericMethod/DataRepository.java,,39,46,변경
2023-11-02T13:52:17.784+09:00,koust,KeyEvent,101:69:0,Lab,Editor,C:/Users/koust/Desktop/github/platform-based-programming/src/main/java/org/example/week6/GenericMethod/DataRepository.java,,39,47,변경
2023-11-02T13:52:17.848+09:00,koust,KeyEvent,113:81:0,Lab,Editor,C:/Users/koust/Desktop/github/platform-based-programming/src/main/java/org/example/week6/GenericMethod/DataRepository.java,,39,48,변경
2023-11-02T13:52:18.790+09:00,koust,KeyEvent,10:10:0,Lab,Editor,C:/Users/koust/Desktop/github/platform-based-programming/src/main/java/org/example/week6/GenericMethod/DataRepository.java,,39,54,변경
2023-11-02T13:52:20.131+09:00,koust,KeyEvent,100:68:0,Lab,Editor,C:/Users/koust/Desktop/github/platform-based-programming/src/main/java/org/example/week6/GenericMethod/DataRepository.java,,39,54,변경
2023-11-02T13:52:20.155+09:00,koust,KeyEvent,97:65:0,Lab,Editor,C:/Users/koust/Desktop/github/platform-based-programming/src/main/java/org/example/week6/GenericMethod/DataRepository.java,,39,55,변경
2023-11-02T13:52:20.297+09:00,koust,KeyEvent,116:84:0,Lab,Editor,C:/Users/koust/Desktop/github/platform-based-programming/src/main/java/org/example/week6/GenericMethod/DataRepository.java,,39,56,변경
2023-11-02T13:52:20.392+09:00,koust,KeyEvent,97:65:0,Lab,Editor,C:/Users/koust/Desktop/github/platform-based-programming/src/main/java/org/example/week6/GenericMethod/DataRepository.java,,39,57,변경
2023-11-02T13:52:21.195+09:00,koust,KeyEvent,8:8:0,Lab,Editor,C:/Users/koust/Desktop/github/platform-based-programming/src/main/java/org/example/week6/GenericMethod/DataRepository.java,,39,57,변경
2023-11-02T13:52:21.372+09:00,koust,KeyEvent,8:8:0,Lab,Editor,C:/Users/koust/Desktop/github/platform-based-programming/src/main/java/org/example/week6/GenericMethod/DataRepository.java,,39,56,변경
2023-11-02T13:52:22.327+09:00,koust,KeyEvent,8:8:0,Lab,Editor,C:/Users/koust/Desktop/github/platform-based-programming/src/main/java/org/example/week6/GenericMethod/DataRepository.java,,39,55,변경
2023-11-02T13:52:22.606+09:00,koust,KeyEvent,116:84:0,Lab,Editor,C:/Users/koust/Desktop/github/platform-based-programming/src/main/java/org/example/week6/GenericMethod/DataRepository.java,,39,55,변경
2023-11-02T13:52:22.687+09:00,koust,KeyEvent,8:8:0,Lab,Editor,C:/Users/koust/Desktop/github/platform-based-programming/src/main/java/org/example/week6/GenericMethod/DataRepository.java,,39,55,변경
2023-11-02T13:52:22.876+09:00,koust,KeyEvent,8:8:0,Lab,Editor,C:/Users/koust/Desktop/github/platform-based-programming/src/main/java/org/example/week6/GenericMethod/DataRepository.java,,39,54,변경
2023-11-02T13:52:23.108+09:00,koust,KeyEvent,116:84:0,Lab,Editor,C:/Users/koust/Desktop/github/platform-based-programming/src/main/java/org/example/week6/GenericMethod/DataRepository.java,,39,54,변경
2023-11-02T13:52:24.343+09:00,koust,KeyEvent,10:10:0,Lab,Editor,C:/Users/koust/Desktop/github/platform-based-programming/src/main/java/org/example/week6/GenericMethod/DataRepository.java,,39,67,변경
2023-11-02T13:52:24.537+09:00,koust,KeyEvent,46:46:0,Lab,Editor,C:/Users/koust/Desktop/github/platform-based-programming/src/main/java/org/example/week6/GenericMethod/DataRepository.java,,39,67,변경
2023-11-02T13:52:25.331+09:00,koust,KeyEvent,103:71:0,Lab,Editor,C:/Users/koust/Desktop/github/platform-based-programming/src/main/java/org/example/week6/GenericMethod/DataRepository.java,,39,68,변경
2023-11-02T13:52:25.532+09:00,koust,KeyEvent,101:69:0,Lab,Editor,C:/Users/koust/Desktop/github/platform-based-programming/src/main/java/org/example/week6/GenericMethod/DataRepository.java,,39,69,변경
2023-11-02T13:52:25.684+09:00,koust,KeyEvent,116:84:0,Lab,Editor,C:/Users/koust/Desktop/github/platform-based-programming/src/main/java/org/example/week6/GenericMethod/DataRepository.java,,39,70,변경
2023-11-02T13:52:25.865+09:00,koust,KeyEvent,65535:16:1,Lab,Editor,C:/Users/koust/Desktop/github/platform-based-programming/src/main/java/org/example/week6/GenericMethod/DataRepository.java,,39,71,변경
2023-11-02T13:52:26.007+09:00,koust,KeyEvent,84:84:1,Lab,Editor,C:/Users/koust/Desktop/github/platform-based-programming/src/main/java/org/example/week6/GenericMethod/DataRepository.java,,39,71,변경
2023-11-02T13:52:26.331+09:00,koust,KeyEvent,10:10:0,Lab,Editor,C:/Users/koust/Desktop/github/platform-based-programming/src/main/java/org/example/week6/GenericMethod/DataRepository.java,,39,81,변경
2023-11-02T13:52:26.995+09:00,koust,KeyEvent,65535:38:0,Lab,Editor,C:/Users/koust/Desktop/github/platform-based-programming/src/main/java/org/example/week6/GenericMethod/DataRepository.java,,38,35,변경
2023-11-02T13:52:27.240+09:00,koust,KeyEvent,65535:16:1,Lab,Editor,C:/Users/koust/Desktop/github/platform-based-programming/src/main/java/org/example/week6/GenericMethod/DataRepository.java,,38,35,변경
2023-11-02T13:52:27.248+09:00,koust,KeyEvent,65535:17:3,Lab,Editor,C:/Users/koust/Desktop/github/platform-based-programming/src/main/java/org/example/week6/GenericMethod/DataRepository.java,,38,35,변경
2023-11-02T13:52:27.705+09:00,koust,KeyEvent,65535:38:0,Lab,Editor,C:/Users/koust/Desktop/github/platform-based-programming/src/main/java/org/example/week6/GenericMethod/DataRepository.java,,37,56,변경
2023-11-02T13:52:27.856+09:00,koust,KeyEvent,65535:17:2,Lab,Editor,C:/Users/koust/Desktop/github/platform-based-programming/src/main/java/org/example/week6/GenericMethod/DataRepository.java,,37,56,변경
2023-11-02T13:52:27.864+09:00,koust,KeyEvent,65535:16:3,Lab,Editor,C:/Users/koust/Desktop/github/platform-based-programming/src/main/java/org/example/week6/GenericMethod/DataRepository.java,,37,56,변경
2023-11-02T13:52:28.073+09:00,koust,KeyEvent,65535:37:3,Lab,Editor,C:/Users/koust/Desktop/github/platform-based-programming/src/main/java/org/example/week6/GenericMethod/DataRepository.java,,37,55,변경
2023-11-02T13:52:28.575+09:00,koust,KeyEvent,65535:37:3,Lab,Editor,C:/Users/koust/Desktop/github/platform-based-programming/src/main/java/org/example/week6/GenericMethod/DataRepository.java,,37,53,변경
2023-11-02T13:52:28.606+09:00,koust,KeyEvent,65535:37:3,Lab,Editor,C:/Users/koust/Desktop/github/platform-based-programming/src/main/java/org/example/week6/GenericMethod/DataRepository.java,,37,52,변경
2023-11-02T13:52:28.635+09:00,koust,KeyEvent,65535:37:3,Lab,Editor,C:/Users/koust/Desktop/github/platform-based-programming/src/main/java/org/example/week6/GenericMethod/DataRepository.java,,37,41,변경
2023-11-02T13:52:28.666+09:00,koust,KeyEvent,65535:37:3,Lab,Editor,C:/Users/koust/Desktop/github/platform-based-programming/src/main/java/org/example/week6/GenericMethod/DataRepository.java,,37,40,변경
2023-11-02T13:52:28.696+09:00,koust,KeyEvent,65535:37:3,Lab,Editor,C:/Users/koust/Desktop/github/platform-based-programming/src/main/java/org/example/week6/GenericMethod/DataRepository.java,,37,27,변경
2023-11-02T13:52:28.726+09:00,koust,KeyEvent,65535:37:3,Lab,Editor,C:/Users/koust/Desktop/github/platform-based-programming/src/main/java/org/example/week6/GenericMethod/DataRepository.java,,37,26,변경
2023-11-02T13:52:28.756+09:00,koust,KeyEvent,65535:37:3,Lab,Editor,C:/Users/koust/Desktop/github/platform-based-programming/src/main/java/org/example/week6/GenericMethod/DataRepository.java,,37,19,변경
2023-11-02T13:52:28.882+09:00,koust,KeyEvent,65535:37:3,Lab,Editor,C:/Users/koust/Desktop/github/platform-based-programming/src/main/java/org/example/week6/GenericMethod/DataRepository.java,,37,18,변경
2023-11-02T13:52:29.054+09:00,koust,KeyEvent,65535:37:3,Lab,Editor,C:/Users/koust/Desktop/github/platform-based-programming/src/main/java/org/example/week6/GenericMethod/DataRepository.java,,37,15,변경
2023-11-02T13:52:29.310+09:00,koust,KeyEvent,65535:37:3,Lab,Editor,C:/Users/koust/Desktop/github/platform-based-programming/src/main/java/org/example/week6/GenericMethod/DataRepository.java,,37,14,변경
2023-11-02T13:52:29.513+09:00,koust,KeyEvent,65535:37:3,Lab,Editor,C:/Users/koust/Desktop/github/platform-based-programming/src/main/java/org/example/week6/GenericMethod/DataRepository.java,,37,8,변경
2023-11-02T13:52:29.730+09:00,koust,KeyEvent,65535:37:3,Lab,Editor,C:/Users/koust/Desktop/github/platform-based-programming/src/main/java/org/example/week6/GenericMethod/DataRepository.java,,36,0,변경
2023-11-02T13:52:30.309+09:00,koust,KeyEvent,8:8:0,Lab,Editor,C:/Users/koust/Desktop/github/platform-based-programming/src/main/java/org/example/week6/GenericMethod/DataRepository.java,,36,0,변경
2023-11-02T13:52:30.770+09:00,koust,KeyEvent,8:8:0,Lab,Editor,C:/Users/koust/Desktop/github/platform-based-programming/src/main/java/org/example/week6/GenericMethod/DataRepository.java,,35,25,변경
2023-11-02T13:52:31.944+09:00,koust,KeyEvent,65535:16:1,Lab,Editor,C:/Users/koust/Desktop/github/platform-based-programming/src/main/java/org/example/week6/GenericMethod/DataRepository.java,,37,83,변경
2023-11-02T13:52:32.143+09:00,koust,KeyEvent,123:91:1,Lab,Editor,C:/Users/koust/Desktop/github/platform-based-programming/src/main/java/org/example/week6/GenericMethod/DataRepository.java,,37,83,변경
2023-11-02T13:52:32.342+09:00,koust,KeyEvent,10:10:0,Lab,Editor,C:/Users/koust/Desktop/github/platform-based-programming/src/main/java/org/example/week6/GenericMethod/DataRepository.java,,38,16,변경
2023-11-02T13:52:33.293+09:00,koust,KeyEvent,110:78:0,Lab,Editor,C:/Users/koust/Desktop/github/platform-based-programming/src/main/java/org/example/week6/GenericMethod/DataRepository.java,,38,16,변경
2023-11-02T13:52:33.346+09:00,koust,KeyEvent,101:69:0,Lab,Editor,C:/Users/koust/Desktop/github/platform-based-programming/src/main/java/org/example/week6/GenericMethod/DataRepository.java,,38,17,변경
2023-11-02T13:52:33.423+09:00,koust,KeyEvent,119:87:0,Lab,Editor,C:/Users/koust/Desktop/github/platform-based-programming/src/main/java/org/example/week6/GenericMethod/DataRepository.java,,38,18,변경
2023-11-02T13:52:33.584+09:00,koust,KeyEvent,65535:16:1,Lab,Editor,C:/Users/koust/Desktop/github/platform-based-programming/src/main/java/org/example/week6/GenericMethod/DataRepository.java,,38,19,변경
2023-11-02T13:52:33.689+09:00,koust,KeyEvent,68:68:1,Lab,Editor,C:/Users/koust/Desktop/github/platform-based-programming/src/main/java/org/example/week6/GenericMethod/DataRepository.java,,38,19,변경
2023-11-02T13:52:33.815+09:00,koust,KeyEvent,97:65:0,Lab,Editor,C:/Users/koust/Desktop/github/platform-based-programming/src/main/java/org/example/week6/GenericMethod/DataRepository.java,,38,20,변경
2023-11-02T13:52:33.942+09:00,koust,KeyEvent,10:10:0,Lab,Editor,C:/Users/koust/Desktop/github/platform-based-programming/src/main/java/org/example/week6/GenericMethod/DataRepository.java,,38,23,변경
2023-11-02T13:52:34.108+09:00,koust,KeyEvent,46:46:0,Lab,Editor,C:/Users/koust/Desktop/github/platform-based-programming/src/main/java/org/example/week6/GenericMethod/DataRepository.java,,38,23,변경
2023-11-02T13:52:34.254+09:00,koust,KeyEvent,97:65:0,Lab,Editor,C:/Users/koust/Desktop/github/platform-based-programming/src/main/java/org/example/week6/GenericMethod/DataRepository.java,,38,24,변경
2023-11-02T13:52:34.395+09:00,koust,KeyEvent,100:68:0,Lab,Editor,C:/Users/koust/Desktop/github/platform-based-programming/src/main/java/org/example/week6/GenericMethod/DataRepository.java,,38,25,변경
2023-11-02T13:52:34.546+09:00,koust,KeyEvent,100:68:0,Lab,Editor,C:/Users/koust/Desktop/github/platform-based-programming/src/main/java/org/example/week6/GenericMethod/DataRepository.java,,38,26,변경
2023-11-02T13:52:34.750+09:00,koust,KeyEvent,10:10:0,Lab,Editor,C:/Users/koust/Desktop/github/platform-based-programming/src/main/java/org/example/week6/GenericMethod/DataRepository.java,,38,28,변경
2023-11-02T13:52:36.806+09:00,koust,KeyEvent,27:27:0,Lab,Editor,C:/Users/koust/Desktop/github/platform-based-programming/src/main/java/org/example/week6/GenericMethod/DataRepository.java,,38,28,변경
2023-11-02T13:52:37.360+09:00,koust,KeyEvent,100:68:0,Lab,Editor,C:/Users/koust/Desktop/github/platform-based-programming/src/main/java/org/example/week6/GenericMethod/DataRepository.java,,38,28,변경
2023-11-02T13:52:37.492+09:00,koust,KeyEvent,97:65:0,Lab,Editor,C:/Users/koust/Desktop/github/platform-based-programming/src/main/java/org/example/week6/GenericMethod/DataRepository.java,,38,29,변경
2023-11-02T13:52:38.295+09:00,koust,KeyEvent,65535:38:0,Lab,Editor,C:/Users/koust/Desktop/github/platform-based-programming/src/main/java/org/example/week6/GenericMethod/DataRepository.java,,38,30,변경
2023-11-02T13:52:39.238+09:00,koust,KeyEvent,65535:38:0,Lab,Editor,C:/Users/koust/Desktop/github/platform-based-programming/src/main/java/org/example/week6/GenericMethod/DataRepository.java,,38,30,변경
2023-11-02T13:52:39.639+09:00,koust,KeyEvent,65535:40:0,Lab,Editor,C:/Users/koust/Desktop/github/platform-based-programming/src/main/java/org/example/week6/GenericMethod/DataRepository.java,,38,30,변경
2023-11-02T13:52:39.810+09:00,koust,KeyEvent,65535:40:0,Lab,Editor,C:/Users/koust/Desktop/github/platform-based-programming/src/main/java/org/example/week6/GenericMethod/DataRepository.java,,38,30,변경
2023-11-02T13:52:40.199+09:00,koust,KeyEvent,65535:40:0,Lab,Editor,C:/Users/koust/Desktop/github/platform-based-programming/src/main/java/org/example/week6/GenericMethod/DataRepository.java,,38,30,변경
2023-11-02T13:52:40.609+09:00,koust,KeyEvent,10:10:0,Lab,Editor,C:/Users/koust/Desktop/github/platform-based-programming/src/main/java/org/example/week6/GenericMethod/DataRepository.java,,38,33,변경
2023-11-02T13:52:41.030+09:00,koust,KeyEvent,65535:39:0,Lab,Editor,C:/Users/koust/Desktop/github/platform-based-programming/src/main/java/org/example/week6/GenericMethod/DataRepository.java,,38,34,변경
2023-11-02T13:52:41.273+09:00,koust,KeyEvent,59:59:0,Lab,Editor,C:/Users/koust/Desktop/github/platform-based-programming/src/main/java/org/example/week6/GenericMethod/DataRepository.java,,38,34,변경
2023-11-02T13:52:41.811+09:00,koust,KeyEvent,65535:40:0,Lab,Editor,C:/Users/koust/Desktop/github/platform-based-programming/src/main/java/org/example/week6/GenericMethod/DataRepository.java,,39,13,변경
2023-11-02T13:52:42.128+09:00,koust,KeyEvent,65535:38:0,Lab,Editor,C:/Users/koust/Desktop/github/platform-based-programming/src/main/java/org/example/week6/GenericMethod/DataRepository.java,,38,35,변경
2023-11-02T13:52:42.746+09:00,koust,KeyEvent,65535:38:0,Lab,Editor,C:/Users/koust/Desktop/github/platform-based-programming/src/main/java/org/example/week6/GenericMethod/DataRepository.java,,37,35,변경
2023-11-02T13:52:43.139+09:00,koust,KeyEvent,65535:40:0,Lab,Editor,C:/Users/koust/Desktop/github/platform-based-programming/src/main/java/org/example/week6/GenericMethod/DataRepository.java,,38,35,변경
2023-11-02T13:52:43.664+09:00,koust,KeyEvent,65535:37:0,Lab,Editor,C:/Users/koust/Desktop/github/platform-based-programming/src/main/java/org/example/week6/GenericMethod/DataRepository.java,,38,34,변경
2023-11-02T13:52:54.611+09:00,koust,KeyEvent,65535:37:0,Lab,Editor,C:/Users/koust/Desktop/github/platform-based-programming/src/main/java/org/example/week6/GenericMethod/DataRepository.java,,38,33,변경
2023-11-02T13:52:55.559+09:00,koust,KeyEvent,65535:37:0,Lab,Editor,C:/Users/koust/Desktop/github/platform-based-programming/src/main/java/org/example/week6/GenericMethod/DataRepository.java,,38,32,변경
2023-11-02T13:52:55.882+09:00,koust,KeyEvent,65535:18:8,Lab,Editor,C:/Users/koust/Desktop/github/platform-based-programming/src/main/java/org/example/week6/GenericMethod/DataRepository.java,,38,32,변경
2023-11-02T13:52:56.013+09:00,koust,KeyEvent,10:10:8,Lab,Editor,C:/Users/koust/Desktop/github/platform-based-programming/src/main/java/org/example/week6/GenericMethod/DataRepository.java,,38,32,변경
2023-11-02T13:52:57.836+09:00,koust,KeyEvent,65535:40:0,Lab,Popup,C:/Users/koust/Desktop/github/platform-based-programming/src/main/java/org/example/week6/GenericMethod/DataRepository.java,,38,32,변경
2023-11-02T13:53:00.077+09:00,koust,KeyEvent,65535:38:0,Lab,Popup,C:/Users/koust/Desktop/github/platform-based-programming/src/main/java/org/example/week6/GenericMethod/DataRepository.java,,38,32,변경
2023-11-02T13:53:00.329+09:00,koust,KeyEvent,10:10:0,,,,,-1,-1,
2023-11-02T13:53:00.900+09:00,koust,KeyEvent,65535:40:0,Lab,Editor,C:/Users/koust/Desktop/github/platform-based-programming/src/main/java/org/example/week6/GenericMethod/DataRepository.java,,39,13,변경
2023-11-02T13:53:01.075+09:00,koust,KeyEvent,65535:17:2,Lab,Editor,C:/Users/koust/Desktop/github/platform-based-programming/src/main/java/org/example/week6/GenericMethod/DataRepository.java,,39,13,변경
2023-11-02T13:53:01.313+09:00,koust,KeyEvent,10:10:2,Lab,Editor,C:/Users/koust/Desktop/github/platform-based-programming/src/main/java/org/example/week6/GenericMethod/DataRepository.java,,39,13,변경
2023-11-02T13:53:02.024+09:00,koust,KeyEvent,27:27:0,,,,,-1,-1,
2023-11-02T13:53:03.079+09:00,koust,KeyEvent,65535:18:24,Lab,Editor,C:/Users/koust/Desktop/github/platform-based-programming/src/main/java/org/example/week6/GenericMethod/DataRepository.java,,38,34,변경
2023-11-02T13:53:03.251+09:00,koust,KeyEvent,10:10:8,Lab,Editor,C:/Users/koust/Desktop/github/platform-based-programming/src/main/java/org/example/week6/GenericMethod/DataRepository.java,,38,34,변경
2023-11-02T13:53:04.937+09:00,koust,KeyEvent,10:10:0,Lab,Editor,C:/Users/koust/Desktop/github/platform-based-programming/src/main/java/org/example/week6/GenericMethod/DataRepository.java,,38,34,변경
2023-11-02T13:53:04.937+09:00,koust,KeyEvent,10:10:0,Lab,Editor,C:/Users/koust/Desktop/github/platform-based-programming/src/main/java/org/example/week6/GenericMethod/DataRepository.java,,38,34,변경
2023-11-02T13:53:06.664+09:00,koust,KeyEvent,65535:17:2,Lab,Editor,C:/Users/koust/Desktop/github/platform-based-programming/src/main/java/org/example/week6/GenericMethod/DataRepository.java,,38,34,변경
2023-11-02T13:53:06.827+09:00,koust,KeyEvent,10:10:2,Lab,Editor,C:/Users/koust/Desktop/github/platform-based-programming/src/main/java/org/example/week6/GenericMethod/DataRepository.java,,38,34,변경
2023-11-02T13:53:07.002+09:00,koust,KeyEvent,10:10:0,,,,,-1,-1,
2023-11-02T13:53:11.614+09:00,koust,KeyEvent,65535:18:8,Lab,Editor,C:/Users/koust/Desktop/github/platform-based-programming/src/main/java/org/example/week6/GenericMethod/DataRepository.java,,38,34,변경
2023-11-02T13:53:12.458+09:00,koust,KeyEvent,65535:18:8,Lab,Editor,C:/Users/koust/Desktop/github/platform-based-programming/src/main/java/org/example/week6/GenericMethod/DataRepository.java,,38,34,변경
2023-11-02T13:53:16.389+09:00,koust,KeyEvent,65535:18:8,Lab,Editor,C:/Users/koust/Desktop/github/platform-based-programming/src/main/java/org/example/week6/GenericMethod/DataRepository.java,,38,34,변경
2023-11-02T13:53:17.904+09:00,koust,KeyEvent,65535:18:24,Lab,Editor,C:/Users/koust/Desktop/github/platform-based-programming/src/main/java/org/example/week6/GenericMethod/DataRepository.java,,41,0,변경
2023-11-02T13:53:18.633+09:00,koust,KeyEvent,65535:18:8,Lab,Editor,C:/Users/koust/Desktop/github/platform-based-programming/src/main/java/org/example/week6/GenericMethod/DataRepository.java,,41,0,변경
2023-11-02T13:53:20.486+09:00,koust,KeyEvent,65535:18:8,Lab,Editor,C:/Users/koust/Desktop/github/platform-based-programming/src/main/java/org/example/week6/GenericMethod/DataRepository.java,,41,0,변경
2023-11-02T13:53:22.334+09:00,koust,KeyEvent,65535:18:8,Lab,Editor,C:/Users/koust/Desktop/github/platform-based-programming/src/main/java/org/example/week6/GenericMethod/DataRepository.java,,41,0,변경
