2023-11-06T15:34:18.646+09:00,koust,KeyEvent,65535:40:0,Lab,Popup,C:/Users/koust/Desktop/github/platform-based-programming/src/main/java/org/example/week7/CircleTest/Rectangle.java,,8,29,변경
2023-11-06T15:34:18.826+09:00,koust,KeyEvent,65535:40:0,Lab,Popup,C:/Users/koust/Desktop/github/platform-based-programming/src/main/java/org/example/week7/CircleTest/Rectangle.java,,8,29,변경
2023-11-06T15:34:28.391+09:00,koust,KeyEvent,65535:16:1,Lab,Editor,C:/Users/koust/Desktop/github/platform-based-programming/src/main/java/org/example/week7/CircleTest/Rectangle.java,,8,15,변경
2023-11-06T15:34:28.486+09:00,koust,KeyEvent,65535:38:0,Lab,Editor,C:/Users/koust/Desktop/github/platform-based-programming/src/main/java/org/example/week7/CircleTest/Rectangle.java,,7,15,변경
2023-11-06T15:34:28.777+09:00,koust,KeyEvent,65535:38:0,Lab,Editor,C:/Users/koust/Desktop/github/platform-based-programming/src/main/java/org/example/week7/CircleTest/Rectangle.java,,6,15,변경
2023-11-06T15:34:29.280+09:00,koust,KeyEvent,65535:38:0,Lab,Editor,C:/Users/koust/Desktop/github/platform-based-programming/src/main/java/org/example/week7/CircleTest/Rectangle.java,,5,0,변경
2023-11-06T15:34:29.310+09:00,koust,KeyEvent,65535:38:0,Lab,Editor,C:/Users/koust/Desktop/github/platform-based-programming/src/main/java/org/example/week7/CircleTest/Rectangle.java,,4,15,변경
2023-11-06T15:34:29.343+09:00,koust,KeyEvent,65535:38:0,Lab,Editor,C:/Users/koust/Desktop/github/platform-based-programming/src/main/java/org/example/week7/CircleTest/Rectangle.java,,3,15,변경
2023-11-06T15:34:29.373+09:00,koust,KeyEvent,65535:38:0,Lab,Editor,C:/Users/koust/Desktop/github/platform-based-programming/src/main/java/org/example/week7/CircleTest/Rectangle.java,,2,15,변경
2023-11-06T15:34:29.402+09:00,koust,KeyEvent,65535:38:0,Lab,Editor,C:/Users/koust/Desktop/github/platform-based-programming/src/main/java/org/example/week7/CircleTest/Rectangle.java,,1,0,변경
2023-11-06T15:34:29.434+09:00,koust,KeyEvent,65535:38:0,Lab,Editor,C:/Users/koust/Desktop/github/platform-based-programming/src/main/java/org/example/week7/CircleTest/Rectangle.java,,0,15,변경
2023-11-06T15:34:29.464+09:00,koust,KeyEvent,65535:38:0,Lab,Editor,C:/Users/koust/Desktop/github/platform-based-programming/src/main/java/org/example/week7/CircleTest/Rectangle.java,,0,0,변경
2023-11-06T15:34:29.494+09:00,koust,KeyEvent,65535:38:0,Lab,Editor,C:/Users/koust/Desktop/github/platform-based-programming/src/main/java/org/example/week7/CircleTest/Rectangle.java,,0,0,변경
2023-11-06T15:34:29.527+09:00,koust,KeyEvent,65535:38:0,Lab,Editor,C:/Users/koust/Desktop/github/platform-based-programming/src/main/java/org/example/week7/CircleTest/Rectangle.java,,0,0,변경
2023-11-06T15:34:29.559+09:00,koust,KeyEvent,65535:38:0,Lab,Editor,C:/Users/koust/Desktop/github/platform-based-programming/src/main/java/org/example/week7/CircleTest/Rectangle.java,,0,0,변경
2023-11-06T15:34:29.589+09:00,koust,KeyEvent,65535:38:0,Lab,Editor,C:/Users/koust/Desktop/github/platform-based-programming/src/main/java/org/example/week7/CircleTest/Rectangle.java,,0,0,변경
2023-11-06T15:34:29.618+09:00,koust,KeyEvent,65535:38:0,Lab,Editor,C:/Users/koust/Desktop/github/platform-based-programming/src/main/java/org/example/week7/CircleTest/Rectangle.java,,0,0,변경
2023-11-06T15:34:29.649+09:00,koust,KeyEvent,65535:38:0,Lab,Editor,C:/Users/koust/Desktop/github/platform-based-programming/src/main/java/org/example/week7/CircleTest/Rectangle.java,,0,0,변경
2023-11-06T15:34:29.680+09:00,koust,KeyEvent,65535:38:0,Lab,Editor,C:/Users/koust/Desktop/github/platform-based-programming/src/main/java/org/example/week7/CircleTest/Rectangle.java,,0,0,변경
2023-11-06T15:34:29.709+09:00,koust,KeyEvent,65535:38:0,Lab,Editor,C:/Users/koust/Desktop/github/platform-based-programming/src/main/java/org/example/week7/CircleTest/Rectangle.java,,0,0,변경
2023-11-06T15:34:29.739+09:00,koust,KeyEvent,65535:38:0,Lab,Editor,C:/Users/koust/Desktop/github/platform-based-programming/src/main/java/org/example/week7/CircleTest/Rectangle.java,,0,0,변경
2023-11-06T15:34:29.774+09:00,koust,KeyEvent,65535:38:0,Lab,Editor,C:/Users/koust/Desktop/github/platform-based-programming/src/main/java/org/example/week7/CircleTest/Rectangle.java,,0,0,변경
2023-11-06T15:34:29.808+09:00,koust,KeyEvent,65535:38:0,Lab,Editor,C:/Users/koust/Desktop/github/platform-based-programming/src/main/java/org/example/week7/CircleTest/Rectangle.java,,0,0,변경
2023-11-06T15:34:29.830+09:00,koust,KeyEvent,65535:38:0,Lab,Editor,C:/Users/koust/Desktop/github/platform-based-programming/src/main/java/org/example/week7/CircleTest/Rectangle.java,,0,0,변경
2023-11-06T15:34:29.861+09:00,koust,KeyEvent,65535:38:0,Lab,Editor,C:/Users/koust/Desktop/github/platform-based-programming/src/main/java/org/example/week7/CircleTest/Rectangle.java,,0,0,변경
2023-11-06T15:34:29.893+09:00,koust,KeyEvent,65535:38:0,Lab,Editor,C:/Users/koust/Desktop/github/platform-based-programming/src/main/java/org/example/week7/CircleTest/Rectangle.java,,0,0,변경
2023-11-06T15:34:30.008+09:00,koust,KeyEvent,65535:40:0,Lab,Editor,C:/Users/koust/Desktop/github/platform-based-programming/src/main/java/org/example/week7/CircleTest/Rectangle.java,,1,0,변경
2023-11-06T15:34:30.518+09:00,koust,KeyEvent,65535:40:0,Lab,Editor,C:/Users/koust/Desktop/github/platform-based-programming/src/main/java/org/example/week7/CircleTest/Rectangle.java,,2,15,변경
2023-11-06T15:34:30.541+09:00,koust,KeyEvent,65535:40:0,Lab,Editor,C:/Users/koust/Desktop/github/platform-based-programming/src/main/java/org/example/week7/CircleTest/Rectangle.java,,3,15,변경
2023-11-06T15:34:30.571+09:00,koust,KeyEvent,65535:40:0,Lab,Editor,C:/Users/koust/Desktop/github/platform-based-programming/src/main/java/org/example/week7/CircleTest/Rectangle.java,,4,15,변경
2023-11-06T15:34:30.603+09:00,koust,KeyEvent,65535:40:0,Lab,Editor,C:/Users/koust/Desktop/github/platform-based-programming/src/main/java/org/example/week7/CircleTest/Rectangle.java,,5,0,변경
2023-11-06T15:34:30.632+09:00,koust,KeyEvent,65535:40:0,Lab,Editor,C:/Users/koust/Desktop/github/platform-based-programming/src/main/java/org/example/week7/CircleTest/Rectangle.java,,6,15,변경
2023-11-06T15:34:30.663+09:00,koust,KeyEvent,65535:40:0,Lab,Editor,C:/Users/koust/Desktop/github/platform-based-programming/src/main/java/org/example/week7/CircleTest/Rectangle.java,,7,15,변경
2023-11-06T15:34:30.691+09:00,koust,KeyEvent,65535:40:0,Lab,Editor,C:/Users/koust/Desktop/github/platform-based-programming/src/main/java/org/example/week7/CircleTest/Rectangle.java,,8,15,변경
2023-11-06T15:34:30.722+09:00,koust,KeyEvent,65535:40:0,Lab,Editor,C:/Users/koust/Desktop/github/platform-based-programming/src/main/java/org/example/week7/CircleTest/Rectangle.java,,9,5,변경
2023-11-06T15:34:30.752+09:00,koust,KeyEvent,65535:40:0,Lab,Editor,C:/Users/koust/Desktop/github/platform-based-programming/src/main/java/org/example/week7/CircleTest/Rectangle.java,,10,0,변경
2023-11-06T15:34:30.780+09:00,koust,KeyEvent,65535:40:0,Lab,Editor,C:/Users/koust/Desktop/github/platform-based-programming/src/main/java/org/example/week7/CircleTest/Rectangle.java,,11,15,변경
2023-11-06T15:34:30.811+09:00,koust,KeyEvent,65535:40:0,Lab,Editor,C:/Users/koust/Desktop/github/platform-based-programming/src/main/java/org/example/week7/CircleTest/Rectangle.java,,12,15,변경
2023-11-06T15:34:30.841+09:00,koust,KeyEvent,65535:40:0,Lab,Editor,C:/Users/koust/Desktop/github/platform-based-programming/src/main/java/org/example/week7/CircleTest/Rectangle.java,,13,5,변경
2023-11-06T15:34:30.871+09:00,koust,KeyEvent,65535:40:0,Lab,Editor,C:/Users/koust/Desktop/github/platform-based-programming/src/main/java/org/example/week7/CircleTest/Rectangle.java,,14,0,변경
2023-11-06T15:34:30.955+09:00,koust,KeyEvent,65535:40:0,Lab,Editor,C:/Users/koust/Desktop/github/platform-based-programming/src/main/java/org/example/week7/CircleTest/Rectangle.java,,15,15,변경
2023-11-06T15:34:31.463+09:00,koust,KeyEvent,65535:40:0,Lab,Editor,C:/Users/koust/Desktop/github/platform-based-programming/src/main/java/org/example/week7/CircleTest/Rectangle.java,,16,15,변경
2023-11-06T15:34:31.492+09:00,koust,KeyEvent,65535:40:0,Lab,Editor,C:/Users/koust/Desktop/github/platform-based-programming/src/main/java/org/example/week7/CircleTest/Rectangle.java,,17,5,변경
2023-11-06T15:34:31.525+09:00,koust,KeyEvent,65535:40:0,Lab,Editor,C:/Users/koust/Desktop/github/platform-based-programming/src/main/java/org/example/week7/CircleTest/Rectangle.java,,18,0,변경
2023-11-06T15:34:31.552+09:00,koust,KeyEvent,65535:40:0,Lab,Editor,C:/Users/koust/Desktop/github/platform-based-programming/src/main/java/org/example/week7/CircleTest/Rectangle.java,,19,15,변경
2023-11-06T15:34:31.588+09:00,koust,KeyEvent,65535:40:0,Lab,Editor,C:/Users/koust/Desktop/github/platform-based-programming/src/main/java/org/example/week7/CircleTest/Rectangle.java,,20,15,변경
2023-11-06T15:34:31.612+09:00,koust,KeyEvent,65535:40:0,Lab,Editor,C:/Users/koust/Desktop/github/platform-based-programming/src/main/java/org/example/week7/CircleTest/Rectangle.java,,21,5,변경
2023-11-06T15:34:31.644+09:00,koust,KeyEvent,65535:40:0,Lab,Editor,C:/Users/koust/Desktop/github/platform-based-programming/src/main/java/org/example/week7/CircleTest/Rectangle.java,,22,0,변경
2023-11-06T15:34:31.674+09:00,koust,KeyEvent,65535:40:0,Lab,Editor,C:/Users/koust/Desktop/github/platform-based-programming/src/main/java/org/example/week7/CircleTest/Rectangle.java,,23,15,변경
2023-11-06T15:34:31.710+09:00,koust,KeyEvent,65535:40:0,Lab,Editor,C:/Users/koust/Desktop/github/platform-based-programming/src/main/java/org/example/week7/CircleTest/Rectangle.java,,24,15,변경
2023-11-06T15:34:31.735+09:00,koust,KeyEvent,65535:40:0,Lab,Editor,C:/Users/koust/Desktop/github/platform-based-programming/src/main/java/org/example/week7/CircleTest/Rectangle.java,,25,5,변경
2023-11-06T15:34:31.767+09:00,koust,KeyEvent,65535:40:0,Lab,Editor,C:/Users/koust/Desktop/github/platform-based-programming/src/main/java/org/example/week7/CircleTest/Rectangle.java,,26,0,변경
2023-11-06T15:34:31.795+09:00,koust,KeyEvent,65535:40:0,Lab,Editor,C:/Users/koust/Desktop/github/platform-based-programming/src/main/java/org/example/week7/CircleTest/Rectangle.java,,27,13,변경
2023-11-06T15:34:31.839+09:00,koust,KeyEvent,65535:40:0,Lab,Editor,C:/Users/koust/Desktop/github/platform-based-programming/src/main/java/org/example/week7/CircleTest/Rectangle.java,,28,15,변경
2023-11-06T15:34:31.856+09:00,koust,KeyEvent,65535:40:0,Lab,Editor,C:/Users/koust/Desktop/github/platform-based-programming/src/main/java/org/example/week7/CircleTest/Rectangle.java,,29,15,변경
2023-11-06T15:34:31.886+09:00,koust,KeyEvent,65535:40:0,Lab,Editor,C:/Users/koust/Desktop/github/platform-based-programming/src/main/java/org/example/week7/CircleTest/Rectangle.java,,30,15,변경
2023-11-06T15:34:31.914+09:00,koust,KeyEvent,65535:40:0,Lab,Editor,C:/Users/koust/Desktop/github/platform-based-programming/src/main/java/org/example/week7/CircleTest/Rectangle.java,,31,15,변경
2023-11-06T15:34:31.947+09:00,koust,KeyEvent,65535:40:0,Lab,Editor,C:/Users/koust/Desktop/github/platform-based-programming/src/main/java/org/example/week7/CircleTest/Rectangle.java,,32,9,변경
2023-11-06T15:34:31.974+09:00,koust,KeyEvent,65535:40:0,Lab,Editor,C:/Users/koust/Desktop/github/platform-based-programming/src/main/java/org/example/week7/CircleTest/Rectangle.java,,33,15,변경
2023-11-06T15:34:32.004+09:00,koust,KeyEvent,65535:40:0,Lab,Editor,C:/Users/koust/Desktop/github/platform-based-programming/src/main/java/org/example/week7/CircleTest/Rectangle.java,,34,5,변경
2023-11-06T15:34:32.035+09:00,koust,KeyEvent,65535:40:0,Lab,Editor,C:/Users/koust/Desktop/github/platform-based-programming/src/main/java/org/example/week7/CircleTest/Rectangle.java,,35,0,변경
2023-11-06T15:34:32.068+09:00,koust,KeyEvent,65535:40:0,Lab,Editor,C:/Users/koust/Desktop/github/platform-based-programming/src/main/java/org/example/week7/CircleTest/Rectangle.java,,36,13,변경
2023-11-06T15:34:32.097+09:00,koust,KeyEvent,65535:40:0,Lab,Editor,C:/Users/koust/Desktop/github/platform-based-programming/src/main/java/org/example/week7/CircleTest/Rectangle.java,,37,15,변경
2023-11-06T15:34:32.129+09:00,koust,KeyEvent,65535:40:0,Lab,Editor,C:/Users/koust/Desktop/github/platform-based-programming/src/main/java/org/example/week7/CircleTest/Rectangle.java,,38,15,변경
2023-11-06T15:34:32.158+09:00,koust,KeyEvent,65535:40:0,Lab,Editor,C:/Users/koust/Desktop/github/platform-based-programming/src/main/java/org/example/week7/CircleTest/Rectangle.java,,39,15,변경
2023-11-06T15:34:32.190+09:00,koust,KeyEvent,65535:40:0,Lab,Editor,C:/Users/koust/Desktop/github/platform-based-programming/src/main/java/org/example/week7/CircleTest/Rectangle.java,,40,15,변경
2023-11-06T15:34:32.219+09:00,koust,KeyEvent,65535:40:0,Lab,Editor,C:/Users/koust/Desktop/github/platform-based-programming/src/main/java/org/example/week7/CircleTest/Rectangle.java,,41,9,변경
2023-11-06T15:34:32.247+09:00,koust,KeyEvent,65535:40:0,Lab,Editor,C:/Users/koust/Desktop/github/platform-based-programming/src/main/java/org/example/week7/CircleTest/Rectangle.java,,42,15,변경
2023-11-06T15:34:32.275+09:00,koust,KeyEvent,65535:40:0,Lab,Editor,C:/Users/koust/Desktop/github/platform-based-programming/src/main/java/org/example/week7/CircleTest/Rectangle.java,,43,5,변경
2023-11-06T15:34:32.309+09:00,koust,KeyEvent,65535:40:0,Lab,Editor,C:/Users/koust/Desktop/github/platform-based-programming/src/main/java/org/example/week7/CircleTest/Rectangle.java,,44,1,변경
2023-11-06T15:34:32.340+09:00,koust,KeyEvent,65535:40:0,Lab,Editor,C:/Users/koust/Desktop/github/platform-based-programming/src/main/java/org/example/week7/CircleTest/Rectangle.java,,45,0,변경
2023-11-06T15:34:32.372+09:00,koust,KeyEvent,65535:40:0,Lab,Editor,C:/Users/koust/Desktop/github/platform-based-programming/src/main/java/org/example/week7/CircleTest/Rectangle.java,,45,0,변경
2023-11-06T15:34:32.406+09:00,koust,KeyEvent,65535:40:0,Lab,Editor,C:/Users/koust/Desktop/github/platform-based-programming/src/main/java/org/example/week7/CircleTest/Rectangle.java,,45,0,변경
2023-11-06T15:34:32.438+09:00,koust,KeyEvent,65535:40:0,Lab,Editor,C:/Users/koust/Desktop/github/platform-based-programming/src/main/java/org/example/week7/CircleTest/Rectangle.java,,45,0,변경
2023-11-06T15:34:32.463+09:00,koust,KeyEvent,65535:40:0,Lab,Editor,C:/Users/koust/Desktop/github/platform-based-programming/src/main/java/org/example/week7/CircleTest/Rectangle.java,,45,0,변경
2023-11-06T15:34:32.496+09:00,koust,KeyEvent,65535:40:0,Lab,Editor,C:/Users/koust/Desktop/github/platform-based-programming/src/main/java/org/example/week7/CircleTest/Rectangle.java,,45,0,변경
2023-11-06T15:34:32.525+09:00,koust,KeyEvent,65535:40:0,Lab,Editor,C:/Users/koust/Desktop/github/platform-based-programming/src/main/java/org/example/week7/CircleTest/Rectangle.java,,45,0,변경
2023-11-06T15:34:32.559+09:00,koust,KeyEvent,65535:40:0,Lab,Editor,C:/Users/koust/Desktop/github/platform-based-programming/src/main/java/org/example/week7/CircleTest/Rectangle.java,,45,0,변경
2023-11-06T15:34:32.584+09:00,koust,KeyEvent,65535:40:0,Lab,Editor,C:/Users/koust/Desktop/github/platform-based-programming/src/main/java/org/example/week7/CircleTest/Rectangle.java,,45,0,변경
2023-11-06T15:34:32.615+09:00,koust,KeyEvent,65535:40:0,Lab,Editor,C:/Users/koust/Desktop/github/platform-based-programming/src/main/java/org/example/week7/CircleTest/Rectangle.java,,45,0,변경
2023-11-06T15:34:32.645+09:00,koust,KeyEvent,65535:40:0,Lab,Editor,C:/Users/koust/Desktop/github/platform-based-programming/src/main/java/org/example/week7/CircleTest/Rectangle.java,,45,0,변경
2023-11-06T15:34:32.676+09:00,koust,KeyEvent,65535:40:0,Lab,Editor,C:/Users/koust/Desktop/github/platform-based-programming/src/main/java/org/example/week7/CircleTest/Rectangle.java,,45,0,변경
2023-11-06T15:34:32.802+09:00,koust,KeyEvent,65535:38:0,Lab,Editor,C:/Users/koust/Desktop/github/platform-based-programming/src/main/java/org/example/week7/CircleTest/Rectangle.java,,44,1,변경
2023-11-06T15:34:33.310+09:00,koust,KeyEvent,65535:38:0,Lab,Editor,C:/Users/koust/Desktop/github/platform-based-programming/src/main/java/org/example/week7/CircleTest/Rectangle.java,,43,5,변경
2023-11-06T15:34:33.363+09:00,koust,KeyEvent,65535:38:0,Lab,Editor,C:/Users/koust/Desktop/github/platform-based-programming/src/main/java/org/example/week7/CircleTest/Rectangle.java,,42,15,변경
2023-11-06T15:34:33.375+09:00,koust,KeyEvent,65535:38:0,Lab,Editor,C:/Users/koust/Desktop/github/platform-based-programming/src/main/java/org/example/week7/CircleTest/Rectangle.java,,41,9,변경
2023-11-06T15:34:33.397+09:00,koust,KeyEvent,65535:38:0,Lab,Editor,C:/Users/koust/Desktop/github/platform-based-programming/src/main/java/org/example/week7/CircleTest/Rectangle.java,,40,15,변경
2023-11-06T15:34:33.426+09:00,koust,KeyEvent,65535:38:0,Lab,Editor,C:/Users/koust/Desktop/github/platform-based-programming/src/main/java/org/example/week7/CircleTest/Rectangle.java,,39,15,변경
2023-11-06T15:34:33.457+09:00,koust,KeyEvent,65535:38:0,Lab,Editor,C:/Users/koust/Desktop/github/platform-based-programming/src/main/java/org/example/week7/CircleTest/Rectangle.java,,38,15,변경
2023-11-06T15:34:33.486+09:00,koust,KeyEvent,65535:38:0,Lab,Editor,C:/Users/koust/Desktop/github/platform-based-programming/src/main/java/org/example/week7/CircleTest/Rectangle.java,,37,15,변경
2023-11-06T15:34:33.517+09:00,koust,KeyEvent,65535:38:0,Lab,Editor,C:/Users/koust/Desktop/github/platform-based-programming/src/main/java/org/example/week7/CircleTest/Rectangle.java,,36,13,변경
2023-11-06T15:34:33.547+09:00,koust,KeyEvent,65535:38:0,Lab,Editor,C:/Users/koust/Desktop/github/platform-based-programming/src/main/java/org/example/week7/CircleTest/Rectangle.java,,35,0,변경
2023-11-06T15:34:33.578+09:00,koust,KeyEvent,65535:38:0,Lab,Editor,C:/Users/koust/Desktop/github/platform-based-programming/src/main/java/org/example/week7/CircleTest/Rectangle.java,,34,5,변경
2023-11-06T15:34:33.608+09:00,koust,KeyEvent,65535:38:0,Lab,Editor,C:/Users/koust/Desktop/github/platform-based-programming/src/main/java/org/example/week7/CircleTest/Rectangle.java,,33,15,변경
2023-11-06T15:34:33.638+09:00,koust,KeyEvent,65535:38:0,Lab,Editor,C:/Users/koust/Desktop/github/platform-based-programming/src/main/java/org/example/week7/CircleTest/Rectangle.java,,32,9,변경
2023-11-06T15:34:33.669+09:00,koust,KeyEvent,65535:38:0,Lab,Editor,C:/Users/koust/Desktop/github/platform-based-programming/src/main/java/org/example/week7/CircleTest/Rectangle.java,,31,15,변경
2023-11-06T15:34:33.700+09:00,koust,KeyEvent,65535:38:0,Lab,Editor,C:/Users/koust/Desktop/github/platform-based-programming/src/main/java/org/example/week7/CircleTest/Rectangle.java,,30,15,변경
2023-11-06T15:34:33.818+09:00,koust,KeyEvent,65535:40:0,Lab,Editor,C:/Users/koust/Desktop/github/platform-based-programming/src/main/java/org/example/week7/CircleTest/Rectangle.java,,31,15,변경
2023-11-06T15:34:33.969+09:00,koust,KeyEvent,65535:40:0,Lab,Editor,C:/Users/koust/Desktop/github/platform-based-programming/src/main/java/org/example/week7/CircleTest/Rectangle.java,,32,9,변경
2023-11-06T15:34:34.099+09:00,koust,KeyEvent,65535:40:0,Lab,Editor,C:/Users/koust/Desktop/github/platform-based-programming/src/main/java/org/example/week7/CircleTest/Rectangle.java,,33,15,변경
2023-11-06T15:34:34.226+09:00,koust,KeyEvent,65535:40:0,Lab,Editor,C:/Users/koust/Desktop/github/platform-based-programming/src/main/java/org/example/week7/CircleTest/Rectangle.java,,34,5,변경
2023-11-06T15:34:34.572+09:00,koust,KeyEvent,65535:40:0,Lab,Editor,C:/Users/koust/Desktop/github/platform-based-programming/src/main/java/org/example/week7/CircleTest/Rectangle.java,,35,0,변경
2023-11-06T15:34:34.695+09:00,koust,KeyEvent,65535:40:0,Lab,Editor,C:/Users/koust/Desktop/github/platform-based-programming/src/main/java/org/example/week7/CircleTest/Rectangle.java,,36,13,변경
2023-11-06T15:34:34.819+09:00,koust,KeyEvent,65535:40:0,Lab,Editor,C:/Users/koust/Desktop/github/platform-based-programming/src/main/java/org/example/week7/CircleTest/Rectangle.java,,37,15,변경
2023-11-06T15:34:34.951+09:00,koust,KeyEvent,65535:40:0,Lab,Editor,C:/Users/koust/Desktop/github/platform-based-programming/src/main/java/org/example/week7/CircleTest/Rectangle.java,,38,15,변경
2023-11-06T15:34:35.086+09:00,koust,KeyEvent,65535:40:0,Lab,Editor,C:/Users/koust/Desktop/github/platform-based-programming/src/main/java/org/example/week7/CircleTest/Rectangle.java,,39,15,변경
2023-11-06T15:34:35.215+09:00,koust,KeyEvent,65535:40:0,Lab,Editor,C:/Users/koust/Desktop/github/platform-based-programming/src/main/java/org/example/week7/CircleTest/Rectangle.java,,40,15,변경
2023-11-06T15:34:35.344+09:00,koust,KeyEvent,65535:40:0,Lab,Editor,C:/Users/koust/Desktop/github/platform-based-programming/src/main/java/org/example/week7/CircleTest/Rectangle.java,,41,9,변경
2023-11-06T15:34:35.492+09:00,koust,KeyEvent,65535:40:0,Lab,Editor,C:/Users/koust/Desktop/github/platform-based-programming/src/main/java/org/example/week7/CircleTest/Rectangle.java,,42,15,변경
2023-11-06T15:34:35.699+09:00,koust,KeyEvent,65535:40:0,Lab,Editor,C:/Users/koust/Desktop/github/platform-based-programming/src/main/java/org/example/week7/CircleTest/Rectangle.java,,43,5,변경
2023-11-06T15:34:35.978+09:00,koust,KeyEvent,10:10:0,Lab,Editor,C:/Users/koust/Desktop/github/platform-based-programming/src/main/java/org/example/week7/CircleTest/Rectangle.java,,44,4,변경
2023-11-06T15:34:36.109+09:00,koust,KeyEvent,10:10:0,Lab,Editor,C:/Users/koust/Desktop/github/platform-based-programming/src/main/java/org/example/week7/CircleTest/Rectangle.java,,45,4,변경
2023-11-06T15:34:36.231+09:00,koust,KeyEvent,65535:16:1,Lab,Editor,C:/Users/koust/Desktop/github/platform-based-programming/src/main/java/org/example/week7/CircleTest/Rectangle.java,,45,4,변경
2023-11-06T15:34:36.322+09:00,koust,KeyEvent,64:50:1,Lab,Editor,C:/Users/koust/Desktop/github/platform-based-programming/src/main/java/org/example/week7/CircleTest/Rectangle.java,,45,4,변경
2023-11-06T15:34:36.680+09:00,koust,KeyEvent,8:8:0,Lab,Editor,C:/Users/koust/Desktop/github/platform-based-programming/src/main/java/org/example/week7/CircleTest/Rectangle.java,,45,4,변경
2023-11-06T15:34:36.820+09:00,koust,KeyEvent,65535:17:2,Lab,Editor,C:/Users/koust/Desktop/github/platform-based-programming/src/main/java/org/example/week7/CircleTest/Rectangle.java,,45,4,변경
2023-11-06T15:34:37.821+09:00,koust,KeyEvent,65535:40:0,Lab,Dialog,C:/Users/koust/Desktop/github/platform-based-programming/src/main/java/org/example/week7/CircleTest/Rectangle.java,,45,4,변경
2023-11-06T15:34:38.113+09:00,koust,KeyEvent,65535:40:0,Lab,Dialog,C:/Users/koust/Desktop/github/platform-based-programming/src/main/java/org/example/week7/CircleTest/Rectangle.java,,45,4,변경
2023-11-06T15:34:38.271+09:00,koust,KeyEvent,65535:40:0,Lab,Dialog,C:/Users/koust/Desktop/github/platform-based-programming/src/main/java/org/example/week7/CircleTest/Rectangle.java,,45,4,변경
2023-11-06T15:34:38.420+09:00,koust,KeyEvent,65535:40:0,Lab,Dialog,C:/Users/koust/Desktop/github/platform-based-programming/src/main/java/org/example/week7/CircleTest/Rectangle.java,,45,4,변경
2023-11-06T15:34:38.744+09:00,koust,KeyEvent,65535:40:0,Lab,Dialog,C:/Users/koust/Desktop/github/platform-based-programming/src/main/java/org/example/week7/CircleTest/Rectangle.java,,45,4,변경
2023-11-06T15:34:38.990+09:00,koust,KeyEvent,10:10:0,Lab,Popup,C:/Users/koust/Desktop/github/platform-based-programming/src/main/java/org/example/week7/CircleTest/Rectangle.java,,45,4,변경
2023-11-06T15:34:39.051+09:00,koust,KeyEvent,15:79:2,Lab,Popup,C:/Users/koust/Desktop/github/platform-based-programming/src/main/java/org/example/week7/CircleTest/Rectangle.java,,47,8,변경
2023-11-06T15:34:39.417+09:00,koust,KeyEvent,65535:18:8,Lab,Editor,C:/Users/koust/Desktop/github/platform-based-programming/src/main/java/org/example/week7/CircleTest/Rectangle.java,,47,8,변경
2023-11-06T15:34:40.414+09:00,koust,KeyEvent,65535:40:0,Lab,Editor,C:/Users/koust/Desktop/github/platform-based-programming/src/main/java/org/example/week7/CircleTest/Rectangle.java,,48,5,변경
2023-11-06T15:34:40.662+09:00,koust,KeyEvent,65535:18:8,Lab,Editor,C:/Users/koust/Desktop/github/platform-based-programming/src/main/java/org/example/week7/CircleTest/Rectangle.java,,48,5,변경
2023-11-06T15:35:10.052+09:00,koust,KeyEvent,65535:40:0,Lab,Editor,C:/Users/koust/Desktop/github/platform-based-programming/src/main/java/org/example/week7/CircleTest/Rectangle.java,,49,1,변경
2023-11-06T15:35:10.261+09:00,koust,KeyEvent,65535:40:0,Lab,Editor,C:/Users/koust/Desktop/github/platform-based-programming/src/main/java/org/example/week7/CircleTest/Rectangle.java,,50,0,변경
2023-11-06T15:35:10.451+09:00,koust,KeyEvent,65535:38:0,Lab,Editor,C:/Users/koust/Desktop/github/platform-based-programming/src/main/java/org/example/week7/CircleTest/Rectangle.java,,49,1,변경
2023-11-06T15:35:10.608+09:00,koust,KeyEvent,65535:38:0,Lab,Editor,C:/Users/koust/Desktop/github/platform-based-programming/src/main/java/org/example/week7/CircleTest/Rectangle.java,,48,5,변경
2023-11-06T15:35:10.767+09:00,koust,KeyEvent,65535:38:0,Lab,Editor,C:/Users/koust/Desktop/github/platform-based-programming/src/main/java/org/example/week7/CircleTest/Rectangle.java,,47,32,변경
2023-11-06T15:35:11.147+09:00,koust,KeyEvent,65535:39:0,Lab,Editor,C:/Users/koust/Desktop/github/platform-based-programming/src/main/java/org/example/week7/CircleTest/Rectangle.java,,48,0,변경
2023-11-06T15:35:11.354+09:00,koust,KeyEvent,65535:37:0,Lab,Editor,C:/Users/koust/Desktop/github/platform-based-programming/src/main/java/org/example/week7/CircleTest/Rectangle.java,,47,32,변경
2023-11-06T15:35:11.666+09:00,koust,KeyEvent,65535:37:0,Lab,Editor,C:/Users/koust/Desktop/github/platform-based-programming/src/main/java/org/example/week7/CircleTest/Rectangle.java,,47,31,변경
2023-11-06T15:35:11.797+09:00,koust,KeyEvent,65535:16:1,Lab,Editor,C:/Users/koust/Desktop/github/platform-based-programming/src/main/java/org/example/week7/CircleTest/Rectangle.java,,47,31,변경
2023-11-06T15:35:11.806+09:00,koust,KeyEvent,65535:17:3,Lab,Editor,C:/Users/koust/Desktop/github/platform-based-programming/src/main/java/org/example/week7/CircleTest/Rectangle.java,,47,31,변경
2023-11-06T15:35:11.867+09:00,koust,KeyEvent,65535:37:3,Lab,Editor,C:/Users/koust/Desktop/github/platform-based-programming/src/main/java/org/example/week7/CircleTest/Rectangle.java,,47,30,변경
2023-11-06T15:35:12.000+09:00,koust,KeyEvent,65535:37:3,Lab,Editor,C:/Users/koust/Desktop/github/platform-based-programming/src/main/java/org/example/week7/CircleTest/Rectangle.java,,47,29,변경
2023-11-06T15:35:12.130+09:00,koust,KeyEvent,65535:37:3,Lab,Editor,C:/Users/koust/Desktop/github/platform-based-programming/src/main/java/org/example/week7/CircleTest/Rectangle.java,,47,21,변경
2023-11-06T15:35:12.430+09:00,koust,KeyEvent,65535:37:3,Lab,Editor,C:/Users/koust/Desktop/github/platform-based-programming/src/main/java/org/example/week7/CircleTest/Rectangle.java,,47,20,변경
2023-11-06T15:35:12.697+09:00,koust,KeyEvent,65535:37:3,Lab,Editor,C:/Users/koust/Desktop/github/platform-based-programming/src/main/java/org/example/week7/CircleTest/Rectangle.java,,47,15,변경
2023-11-06T15:35:13.228+09:00,koust,KeyEvent,8:8:0,Lab,Editor,C:/Users/koust/Desktop/github/platform-based-programming/src/main/java/org/example/week7/CircleTest/Rectangle.java,,47,15,변경
2023-11-06T15:35:13.746+09:00,koust,KeyEvent,65535:16:1,Lab,Editor,C:/Users/koust/Desktop/github/platform-based-programming/src/main/java/org/example/week7/CircleTest/Rectangle.java,,47,15,변경
2023-11-06T15:35:13.832+09:00,koust,KeyEvent,83:83:1,Lab,Editor,C:/Users/koust/Desktop/github/platform-based-programming/src/main/java/org/example/week7/CircleTest/Rectangle.java,,47,15,변경
2023-11-06T15:35:14.024+09:00,koust,KeyEvent,116:84:0,Lab,Editor,C:/Users/koust/Desktop/github/platform-based-programming/src/main/java/org/example/week7/CircleTest/Rectangle.java,,47,16,변경
2023-11-06T15:35:14.120+09:00,koust,KeyEvent,114:82:0,Lab,Editor,C:/Users/koust/Desktop/github/platform-based-programming/src/main/java/org/example/week7/CircleTest/Rectangle.java,,47,17,변경
2023-11-06T15:35:14.181+09:00,koust,KeyEvent,105:73:0,Lab,Editor,C:/Users/koust/Desktop/github/platform-based-programming/src/main/java/org/example/week7/CircleTest/Rectangle.java,,47,18,변경
2023-11-06T15:35:14.343+09:00,koust,KeyEvent,110:78:0,Lab,Editor,C:/Users/koust/Desktop/github/platform-based-programming/src/main/java/org/example/week7/CircleTest/Rectangle.java,,47,19,변경
2023-11-06T15:35:14.400+09:00,koust,KeyEvent,103:71:0,Lab,Editor,C:/Users/koust/Desktop/github/platform-based-programming/src/main/java/org/example/week7/CircleTest/Rectangle.java,,47,20,변경
2023-11-06T15:35:14.627+09:00,koust,KeyEvent,46:46:0,Lab,Editor,C:/Users/koust/Desktop/github/platform-based-programming/src/main/java/org/example/week7/CircleTest/Rectangle.java,,47,21,변경
2023-11-06T15:35:14.836+09:00,koust,KeyEvent,102:70:0,Lab,Editor,C:/Users/koust/Desktop/github/platform-based-programming/src/main/java/org/example/week7/CircleTest/Rectangle.java,,47,22,변경
2023-11-06T15:35:14.897+09:00,koust,KeyEvent,111:79:0,Lab,Editor,C:/Users/koust/Desktop/github/platform-based-programming/src/main/java/org/example/week7/CircleTest/Rectangle.java,,47,23,변경
2023-11-06T15:35:15.019+09:00,koust,KeyEvent,114:82:0,Lab,Editor,C:/Users/koust/Desktop/github/platform-based-programming/src/main/java/org/example/week7/CircleTest/Rectangle.java,,47,24,변경
2023-11-06T15:35:15.135+09:00,koust,KeyEvent,10:10:0,Lab,Editor,C:/Users/koust/Desktop/github/platform-based-programming/src/main/java/org/example/week7/CircleTest/Rectangle.java,,47,29,변경
2023-11-06T15:35:15.307+09:00,koust,KeyEvent,65535:18:8,Lab,Editor,C:/Users/koust/Desktop/github/platform-based-programming/src/main/java/org/example/week7/CircleTest/Rectangle.java,,47,29,변경
2023-11-06T15:35:16.132+09:00,koust,KeyEvent,65535:16:1,Lab,Editor,C:/Users/koust/Desktop/github/platform-based-programming/src/main/java/org/example/week7/CircleTest/Rectangle.java,,47,29,변경
2023-11-06T15:35:16.443+09:00,koust,KeyEvent,65535:16:1,Lab,Editor,C:/Users/koust/Desktop/github/platform-based-programming/src/main/java/org/example/week7/CircleTest/Rectangle.java,,47,29,변경
2023-11-06T15:35:16.824+09:00,koust,KeyEvent,67:67:1,Lab,Editor,C:/Users/koust/Desktop/github/platform-based-programming/src/main/java/org/example/week7/CircleTest/Rectangle.java,,47,29,변경
2023-11-06T15:35:16.911+09:00,koust,KeyEvent,8:8:0,Lab,Editor,C:/Users/koust/Desktop/github/platform-based-programming/src/main/java/org/example/week7/CircleTest/Rectangle.java,,47,29,변경
2023-11-06T15:35:17.168+09:00,koust,KeyEvent,65535:16:1,Lab,Editor,C:/Users/koust/Desktop/github/platform-based-programming/src/main/java/org/example/week7/CircleTest/Rectangle.java,,47,29,변경
2023-11-06T15:35:17.255+09:00,koust,KeyEvent,34:222:1,Lab,Editor,C:/Users/koust/Desktop/github/platform-based-programming/src/main/java/org/example/week7/CircleTest/Rectangle.java,,47,29,변경
2023-11-06T15:35:17.316+09:00,koust,KeyEvent,65535:16:1,Lab,Editor,C:/Users/koust/Desktop/github/platform-based-programming/src/main/java/org/example/week7/CircleTest/Rectangle.java,,47,30,변경
2023-11-06T15:35:17.575+09:00,koust,KeyEvent,82:82:1,Lab,Editor,C:/Users/koust/Desktop/github/platform-based-programming/src/main/java/org/example/week7/CircleTest/Rectangle.java,,47,30,변경
2023-11-06T15:35:17.721+09:00,koust,KeyEvent,69:69:1,Lab,Editor,C:/Users/koust/Desktop/github/platform-based-programming/src/main/java/org/example/week7/CircleTest/Rectangle.java,,47,31,변경
2023-11-06T15:35:17.957+09:00,koust,KeyEvent,99:67:0,Lab,Editor,C:/Users/koust/Desktop/github/platform-based-programming/src/main/java/org/example/week7/CircleTest/Rectangle.java,,47,32,변경
2023-11-06T15:35:18.202+09:00,koust,KeyEvent,8:8:0,Lab,Editor,C:/Users/koust/Desktop/github/platform-based-programming/src/main/java/org/example/week7/CircleTest/Rectangle.java,,47,32,변경
2023-11-06T15:35:18.317+09:00,koust,KeyEvent,8:8:0,Lab,Editor,C:/Users/koust/Desktop/github/platform-based-programming/src/main/java/org/example/week7/CircleTest/Rectangle.java,,47,31,변경
2023-11-06T15:35:18.342+09:00,koust,KeyEvent,101:69:0,Lab,Editor,C:/Users/koust/Desktop/github/platform-based-programming/src/main/java/org/example/week7/CircleTest/Rectangle.java,,47,31,변경
2023-11-06T15:35:18.505+09:00,koust,KeyEvent,99:67:0,Lab,Editor,C:/Users/koust/Desktop/github/platform-based-programming/src/main/java/org/example/week7/CircleTest/Rectangle.java,,47,32,변경
2023-11-06T15:35:18.683+09:00,koust,KeyEvent,116:84:0,Lab,Editor,C:/Users/koust/Desktop/github/platform-based-programming/src/main/java/org/example/week7/CircleTest/Rectangle.java,,47,33,변경
2023-11-06T15:35:18.973+09:00,koust,KeyEvent,97:65:0,Lab,Editor,C:/Users/koust/Desktop/github/platform-based-programming/src/main/java/org/example/week7/CircleTest/Rectangle.java,,47,34,변경
2023-11-06T15:35:19.144+09:00,koust,KeyEvent,110:78:0,Lab,Editor,C:/Users/koust/Desktop/github/platform-based-programming/src/main/java/org/example/week7/CircleTest/Rectangle.java,,47,35,변경
2023-11-06T15:35:19.230+09:00,koust,KeyEvent,103:71:0,Lab,Editor,C:/Users/koust/Desktop/github/platform-based-programming/src/main/java/org/example/week7/CircleTest/Rectangle.java,,47,36,변경
2023-11-06T15:35:19.366+09:00,koust,KeyEvent,108:76:0,Lab,Editor,C:/Users/koust/Desktop/github/platform-based-programming/src/main/java/org/example/week7/CircleTest/Rectangle.java,,47,37,변경
2023-11-06T15:35:19.448+09:00,koust,KeyEvent,101:69:0,Lab,Editor,C:/Users/koust/Desktop/github/platform-based-programming/src/main/java/org/example/week7/CircleTest/Rectangle.java,,47,38,변경
2023-11-06T15:35:19.680+09:00,koust,KeyEvent,65535:18:8,Lab,Editor,C:/Users/koust/Desktop/github/platform-based-programming/src/main/java/org/example/week7/CircleTest/Rectangle.java,,47,39,변경
2023-11-06T15:35:20.791+09:00,koust,KeyEvent,65535:16:1,Lab,Editor,C:/Users/koust/Desktop/github/platform-based-programming/src/main/java/org/example/week7/CircleTest/Rectangle.java,,47,39,변경
2023-11-06T15:35:20.932+09:00,koust,KeyEvent,123:91:1,Lab,Editor,C:/Users/koust/Desktop/github/platform-based-programming/src/main/java/org/example/week7/CircleTest/Rectangle.java,,47,39,변경
2023-11-06T15:35:21.358+09:00,koust,KeyEvent,97:65:0,Lab,Editor,C:/Users/koust/Desktop/github/platform-based-programming/src/main/java/org/example/week7/CircleTest/Rectangle.java,,47,40,변경
2023-11-06T15:35:21.382+09:00,koust,KeyEvent,114:82:0,Lab,Editor,C:/Users/koust/Desktop/github/platform-based-programming/src/main/java/org/example/week7/CircleTest/Rectangle.java,,47,41,변경
2023-11-06T15:35:21.742+09:00,koust,KeyEvent,101:69:0,Lab,Editor,C:/Users/koust/Desktop/github/platform-based-programming/src/main/java/org/example/week7/CircleTest/Rectangle.java,,47,42,변경
2023-11-06T15:35:21.829+09:00,koust,KeyEvent,97:65:0,Lab,Editor,C:/Users/koust/Desktop/github/platform-based-programming/src/main/java/org/example/week7/CircleTest/Rectangle.java,,47,43,변경
2023-11-06T15:35:22.345+09:00,koust,KeyEvent,65535:18:8,Lab,Editor,C:/Users/koust/Desktop/github/platform-based-programming/src/main/java/org/example/week7/CircleTest/Rectangle.java,,47,44,변경
2023-11-06T15:35:23.226+09:00,koust,KeyEvent,61:61:0,Lab,Editor,C:/Users/koust/Desktop/github/platform-based-programming/src/main/java/org/example/week7/CircleTest/Rectangle.java,,47,44,변경
2023-11-06T15:35:23.437+09:00,koust,KeyEvent,32:32:0,Lab,Editor,C:/Users/koust/Desktop/github/platform-based-programming/src/main/java/org/example/week7/CircleTest/Rectangle.java,,47,45,변경
2023-11-06T15:35:23.562+09:00,koust,KeyEvent,65535:16:1,Lab,Editor,C:/Users/koust/Desktop/github/platform-based-programming/src/main/java/org/example/week7/CircleTest/Rectangle.java,,47,46,변경
2023-11-06T15:35:23.859+09:00,koust,KeyEvent,8:8:0,Lab,Editor,C:/Users/koust/Desktop/github/platform-based-programming/src/main/java/org/example/week7/CircleTest/Rectangle.java,,47,45,변경
2023-11-06T15:35:24.061+09:00,koust,KeyEvent,65535:16:1,Lab,Editor,C:/Users/koust/Desktop/github/platform-based-programming/src/main/java/org/example/week7/CircleTest/Rectangle.java,,47,45,변경
2023-11-06T15:35:24.123+09:00,koust,KeyEvent,37:53:1,Lab,Editor,C:/Users/koust/Desktop/github/platform-based-programming/src/main/java/org/example/week7/CircleTest/Rectangle.java,,47,45,변경
2023-11-06T15:35:24.313+09:00,koust,KeyEvent,100:68:0,Lab,Editor,C:/Users/koust/Desktop/github/platform-based-programming/src/main/java/org/example/week7/CircleTest/Rectangle.java,,47,46,변경
2023-11-06T15:35:24.487+09:00,koust,KeyEvent,65535:18:8,Lab,Editor,C:/Users/koust/Desktop/github/platform-based-programming/src/main/java/org/example/week7/CircleTest/Rectangle.java,,47,47,변경
2023-11-06T15:35:28.038+09:00,koust,KeyEvent,65535:16:1,Lab,Editor,C:/Users/koust/Desktop/github/platform-based-programming/src/main/java/org/example/week7/CircleTest/Rectangle.java,,47,47,변경
2023-11-06T15:35:28.203+09:00,koust,KeyEvent,125:93:1,Lab,Editor,C:/Users/koust/Desktop/github/platform-based-programming/src/main/java/org/example/week7/CircleTest/Rectangle.java,,47,47,변경
2023-11-06T15:35:28.820+09:00,koust,KeyEvent,32:32:0,Lab,Editor,C:/Users/koust/Desktop/github/platform-based-programming/src/main/java/org/example/week7/CircleTest/Rectangle.java,,47,48,변경
2023-11-06T15:35:28.972+09:00,koust,KeyEvent,104:72:0,Lab,Editor,C:/Users/koust/Desktop/github/platform-based-programming/src/main/java/org/example/week7/CircleTest/Rectangle.java,,47,49,변경
2023-11-06T15:35:29.140+09:00,koust,KeyEvent,97:65:0,Lab,Editor,C:/Users/koust/Desktop/github/platform-based-programming/src/main/java/org/example/week7/CircleTest/Rectangle.java,,47,50,변경
2023-11-06T15:35:29.210+09:00,koust,KeyEvent,115:83:0,Lab,Editor,C:/Users/koust/Desktop/github/platform-based-programming/src/main/java/org/example/week7/CircleTest/Rectangle.java,,47,51,변경
2023-11-06T15:35:29.368+09:00,koust,KeyEvent,32:32:0,Lab,Editor,C:/Users/koust/Desktop/github/platform-based-programming/src/main/java/org/example/week7/CircleTest/Rectangle.java,,47,52,변경
2023-11-06T15:35:29.480+09:00,koust,KeyEvent,116:84:0,Lab,Editor,C:/Users/koust/Desktop/github/platform-based-programming/src/main/java/org/example/week7/CircleTest/Rectangle.java,,47,53,변경
2023-11-06T15:35:29.633+09:00,koust,KeyEvent,104:72:0,Lab,Editor,C:/Users/koust/Desktop/github/platform-based-programming/src/main/java/org/example/week7/CircleTest/Rectangle.java,,47,54,변경
2023-11-06T15:35:29.774+09:00,koust,KeyEvent,101:69:0,Lab,Editor,C:/Users/koust/Desktop/github/platform-based-programming/src/main/java/org/example/week7/CircleTest/Rectangle.java,,47,55,변경
2023-11-06T15:35:29.861+09:00,koust,KeyEvent,32:32:0,Lab,Editor,C:/Users/koust/Desktop/github/platform-based-programming/src/main/java/org/example/week7/CircleTest/Rectangle.java,,47,56,변경
2023-11-06T15:35:30.042+09:00,koust,KeyEvent,65535:18:8,Lab,Editor,C:/Users/koust/Desktop/github/platform-based-programming/src/main/java/org/example/week7/CircleTest/Rectangle.java,,47,57,변경
2023-11-06T15:35:32.372+09:00,koust,KeyEvent,65535:18:8,Lab,Editor,C:/Users/koust/Desktop/github/platform-based-programming/src/main/java/org/example/week7/CircleTest/Rectangle.java,,47,57,변경
2023-11-06T15:35:35.991+09:00,koust,KeyEvent,65535:37:0,Lab,Editor,C:/Users/koust/Desktop/github/platform-based-programming/src/main/java/org/example/week7/CircleTest/Rectangle.java,,47,56,변경
2023-11-06T15:35:36.279+09:00,koust,KeyEvent,65535:39:0,Lab,Editor,C:/Users/koust/Desktop/github/platform-based-programming/src/main/java/org/example/week7/CircleTest/Rectangle.java,,47,57,변경
2023-11-06T15:35:36.476+09:00,koust,KeyEvent,65535:17:2,Lab,Editor,C:/Users/koust/Desktop/github/platform-based-programming/src/main/java/org/example/week7/CircleTest/Rectangle.java,,47,57,변경
2023-11-06T15:35:36.485+09:00,koust,KeyEvent,65535:16:3,Lab,Editor,C:/Users/koust/Desktop/github/platform-based-programming/src/main/java/org/example/week7/CircleTest/Rectangle.java,,47,57,변경
2023-11-06T15:35:36.558+09:00,koust,KeyEvent,65535:37:3,Lab,Editor,C:/Users/koust/Desktop/github/platform-based-programming/src/main/java/org/example/week7/CircleTest/Rectangle.java,,47,53,변경
2023-11-06T15:35:36.725+09:00,koust,KeyEvent,65535:37:3,Lab,Editor,C:/Users/koust/Desktop/github/platform-based-programming/src/main/java/org/example/week7/CircleTest/Rectangle.java,,47,49,변경
2023-11-06T15:35:37.167+09:00,koust,KeyEvent,8:8:0,Lab,Editor,C:/Users/koust/Desktop/github/platform-based-programming/src/main/java/org/example/week7/CircleTest/Rectangle.java,,47,49,변경
2023-11-06T15:35:37.322+09:00,koust,KeyEvent,8:8:0,Lab,Editor,C:/Users/koust/Desktop/github/platform-based-programming/src/main/java/org/example/week7/CircleTest/Rectangle.java,,47,48,변경
2023-11-06T15:35:37.628+09:00,koust,KeyEvent,65535:39:0,Lab,Editor,C:/Users/koust/Desktop/github/platform-based-programming/src/main/java/org/example/week7/CircleTest/Rectangle.java,,47,49,변경
2023-11-06T15:35:37.916+09:00,koust,KeyEvent,44:44:0,Lab,Editor,C:/Users/koust/Desktop/github/platform-based-programming/src/main/java/org/example/week7/CircleTest/Rectangle.java,,47,49,변경
2023-11-06T15:35:38.032+09:00,koust,KeyEvent,32:32:0,Lab,Editor,C:/Users/koust/Desktop/github/platform-based-programming/src/main/java/org/example/week7/CircleTest/Rectangle.java,,47,50,변경
2023-11-06T15:35:38.836+09:00,koust,KeyEvent,119:87:0,Lab,Editor,C:/Users/koust/Desktop/github/platform-based-programming/src/main/java/org/example/week7/CircleTest/Rectangle.java,,47,51,변경
2023-11-06T15:35:39.681+09:00,koust,KeyEvent,10:10:0,Lab,Editor,C:/Users/koust/Desktop/github/platform-based-programming/src/main/java/org/example/week7/CircleTest/Rectangle.java,,47,56,변경
2023-11-06T15:35:39.926+09:00,koust,KeyEvent,42:106:0,Lab,Editor,C:/Users/koust/Desktop/github/platform-based-programming/src/main/java/org/example/week7/CircleTest/Rectangle.java,,47,56,변경
2023-11-06T15:35:40.068+09:00,koust,KeyEvent,32:32:0,Lab,Editor,C:/Users/koust/Desktop/github/platform-based-programming/src/main/java/org/example/week7/CircleTest/Rectangle.java,,47,57,변경
2023-11-06T15:35:40.214+09:00,koust,KeyEvent,104:72:0,Lab,Editor,C:/Users/koust/Desktop/github/platform-based-programming/src/main/java/org/example/week7/CircleTest/Rectangle.java,,47,58,변경
2023-11-06T15:35:40.481+09:00,koust,KeyEvent,10:10:0,Lab,Editor,C:/Users/koust/Desktop/github/platform-based-programming/src/main/java/org/example/week7/CircleTest/Rectangle.java,,47,64,변경
2023-11-06T15:35:41.105+09:00,koust,KeyEvent,65535:40:0,Lab,Editor,C:/Users/koust/Desktop/github/platform-based-programming/src/main/java/org/example/week7/CircleTest/Rectangle.java,,48,5,변경
2023-11-06T15:35:41.313+09:00,koust,KeyEvent,65535:40:0,Lab,Editor,C:/Users/koust/Desktop/github/platform-based-programming/src/main/java/org/example/week7/CircleTest/Rectangle.java,,49,1,변경
2023-11-06T15:35:41.502+09:00,koust,KeyEvent,65535:40:0,Lab,Editor,C:/Users/koust/Desktop/github/platform-based-programming/src/main/java/org/example/week7/CircleTest/Rectangle.java,,50,0,변경
2023-11-06T15:35:41.569+09:00,koust,KeyEvent,65535:17:2,Lab,Editor,C:/Users/koust/Desktop/github/platform-based-programming/src/main/java/org/example/week7/CircleTest/Rectangle.java,,50,0,변경
2023-11-06T15:35:41.783+09:00,koust,KeyEvent,10:10:2,Lab,Editor,C:/Users/koust/Desktop/github/platform-based-programming/src/main/java/org/example/week7/CircleTest/Rectangle.java,,50,0,변경
2023-11-06T15:35:41.889+09:00,koust,KeyEvent,10:10:0,,,,,-1,-1,
2023-11-06T15:35:46.632+09:00,koust,KeyEvent,65535:18:8,Lab,Editor,C:/Users/koust/Desktop/github/platform-based-programming/src/main/java/org/example/week7/CircleTest/Rectangle.java,,50,0,변경
2023-11-06T15:35:47.505+09:00,koust,KeyEvent,65535:18:8,Lab,Editor,C:/Users/koust/Desktop/github/platform-based-programming/src/main/java/org/example/week7/CircleTest/Rectangle.java,,50,0,변경
2023-11-06T15:35:53.344+09:00,koust,KeyEvent,65535:38:0,Lab,Editor,C:/Users/koust/Desktop/github/platform-based-programming/src/main/java/org/example/week7/CircleTest/Rectangle.java,,49,0,변경
2023-11-06T15:35:54.247+09:00,koust,KeyEvent,65535:17:2,Lab,Editor,C:/Users/koust/Desktop/github/platform-based-programming/src/main/java/org/example/week7/CircleTest/Rectangle.java,,49,0,변경
2023-11-06T15:35:54.561+09:00,koust,KeyEvent,65535:18:8,Lab,Editor,C:/Users/koust/Desktop/github/platform-based-programming/src/main/java/org/example/week7/CircleTest/Rectangle.java,,49,0,변경
2023-11-06T15:35:58.195+09:00,koust,KeyEvent,65535:38:16,Lab,Editor,C:/Users/koust/Desktop/github/platform-based-programming/src/main/java/org/example/week7/CircleTest/Rectangle.java,,43,0,변경
2023-11-06T15:35:58.695+09:00,koust,KeyEvent,65535:38:0,Lab,Editor,C:/Users/koust/Desktop/github/platform-based-programming/src/main/java/org/example/week7/CircleTest/Rectangle.java,,42,0,변경
2023-11-06T15:35:58.726+09:00,koust,KeyEvent,65535:38:0,Lab,Editor,C:/Users/koust/Desktop/github/platform-based-programming/src/main/java/org/example/week7/CircleTest/Rectangle.java,,41,0,변경
2023-11-06T15:35:58.766+09:00,koust,KeyEvent,65535:38:0,Lab,Editor,C:/Users/koust/Desktop/github/platform-based-programming/src/main/java/org/example/week7/CircleTest/Rectangle.java,,40,0,변경
2023-11-06T15:35:58.791+09:00,koust,KeyEvent,65535:38:0,Lab,Editor,C:/Users/koust/Desktop/github/platform-based-programming/src/main/java/org/example/week7/CircleTest/Rectangle.java,,39,0,변경
2023-11-06T15:35:58.818+09:00,koust,KeyEvent,65535:38:0,Lab,Editor,C:/Users/koust/Desktop/github/platform-based-programming/src/main/java/org/example/week7/CircleTest/Rectangle.java,,38,0,변경
2023-11-06T15:35:58.846+09:00,koust,KeyEvent,65535:38:0,Lab,Editor,C:/Users/koust/Desktop/github/platform-based-programming/src/main/java/org/example/week7/CircleTest/Rectangle.java,,37,0,변경
2023-11-06T15:35:58.877+09:00,koust,KeyEvent,65535:38:0,Lab,Editor,C:/Users/koust/Desktop/github/platform-based-programming/src/main/java/org/example/week7/CircleTest/Rectangle.java,,36,0,변경
2023-11-06T15:35:58.910+09:00,koust,KeyEvent,65535:38:0,Lab,Editor,C:/Users/koust/Desktop/github/platform-based-programming/src/main/java/org/example/week7/CircleTest/Rectangle.java,,35,0,변경
2023-11-06T15:35:58.950+09:00,koust,KeyEvent,65535:38:0,Lab,Editor,C:/Users/koust/Desktop/github/platform-based-programming/src/main/java/org/example/week7/CircleTest/Rectangle.java,,34,0,변경
2023-11-06T15:35:58.987+09:00,koust,KeyEvent,65535:38:0,Lab,Editor,C:/Users/koust/Desktop/github/platform-based-programming/src/main/java/org/example/week7/CircleTest/Rectangle.java,,33,0,변경
2023-11-06T15:35:59.018+09:00,koust,KeyEvent,65535:38:0,Lab,Editor,C:/Users/koust/Desktop/github/platform-based-programming/src/main/java/org/example/week7/CircleTest/Rectangle.java,,32,0,변경
2023-11-06T15:35:59.040+09:00,koust,KeyEvent,65535:38:0,Lab,Editor,C:/Users/koust/Desktop/github/platform-based-programming/src/main/java/org/example/week7/CircleTest/Rectangle.java,,31,0,변경
2023-11-06T15:35:59.081+09:00,koust,KeyEvent,65535:38:0,Lab,Editor,C:/Users/koust/Desktop/github/platform-based-programming/src/main/java/org/example/week7/CircleTest/Rectangle.java,,30,0,변경
2023-11-06T15:35:59.109+09:00,koust,KeyEvent,65535:38:0,Lab,Editor,C:/Users/koust/Desktop/github/platform-based-programming/src/main/java/org/example/week7/CircleTest/Rectangle.java,,29,0,변경
2023-11-06T15:35:59.146+09:00,koust,KeyEvent,65535:38:0,Lab,Editor,C:/Users/koust/Desktop/github/platform-based-programming/src/main/java/org/example/week7/CircleTest/Rectangle.java,,28,0,변경
2023-11-06T15:35:59.155+09:00,koust,KeyEvent,65535:38:0,Lab,Editor,C:/Users/koust/Desktop/github/platform-based-programming/src/main/java/org/example/week7/CircleTest/Rectangle.java,,27,0,변경
2023-11-06T15:35:59.204+09:00,koust,KeyEvent,65535:38:0,Lab,Editor,C:/Users/koust/Desktop/github/platform-based-programming/src/main/java/org/example/week7/CircleTest/Rectangle.java,,26,0,변경
2023-11-06T15:35:59.240+09:00,koust,KeyEvent,65535:38:0,Lab,Editor,C:/Users/koust/Desktop/github/platform-based-programming/src/main/java/org/example/week7/CircleTest/Rectangle.java,,25,0,변경
2023-11-06T15:35:59.268+09:00,koust,KeyEvent,65535:38:0,Lab,Editor,C:/Users/koust/Desktop/github/platform-based-programming/src/main/java/org/example/week7/CircleTest/Rectangle.java,,24,0,변경
2023-11-06T15:35:59.283+09:00,koust,KeyEvent,65535:38:0,Lab,Editor,C:/Users/koust/Desktop/github/platform-based-programming/src/main/java/org/example/week7/CircleTest/Rectangle.java,,23,0,변경
2023-11-06T15:35:59.329+09:00,koust,KeyEvent,65535:38:0,Lab,Editor,C:/Users/koust/Desktop/github/platform-based-programming/src/main/java/org/example/week7/CircleTest/Rectangle.java,,22,0,변경
2023-11-06T15:35:59.349+09:00,koust,KeyEvent,65535:38:0,Lab,Editor,C:/Users/koust/Desktop/github/platform-based-programming/src/main/java/org/example/week7/CircleTest/Rectangle.java,,21,0,변경
2023-11-06T15:35:59.371+09:00,koust,KeyEvent,65535:38:0,Lab,Editor,C:/Users/koust/Desktop/github/platform-based-programming/src/main/java/org/example/week7/CircleTest/Rectangle.java,,20,0,변경
2023-11-06T15:35:59.401+09:00,koust,KeyEvent,65535:38:0,Lab,Editor,C:/Users/koust/Desktop/github/platform-based-programming/src/main/java/org/example/week7/CircleTest/Rectangle.java,,19,0,변경
2023-11-06T15:35:59.426+09:00,koust,KeyEvent,65535:38:0,Lab,Editor,C:/Users/koust/Desktop/github/platform-based-programming/src/main/java/org/example/week7/CircleTest/Rectangle.java,,18,0,변경
2023-11-06T15:35:59.448+09:00,koust,KeyEvent,65535:38:0,Lab,Editor,C:/Users/koust/Desktop/github/platform-based-programming/src/main/java/org/example/week7/CircleTest/Rectangle.java,,17,0,변경
2023-11-06T15:35:59.477+09:00,koust,KeyEvent,65535:38:0,Lab,Editor,C:/Users/koust/Desktop/github/platform-based-programming/src/main/java/org/example/week7/CircleTest/Rectangle.java,,16,0,변경
2023-11-06T15:35:59.506+09:00,koust,KeyEvent,65535:38:0,Lab,Editor,C:/Users/koust/Desktop/github/platform-based-programming/src/main/java/org/example/week7/CircleTest/Rectangle.java,,15,0,변경
2023-11-06T15:35:59.540+09:00,koust,KeyEvent,65535:38:0,Lab,Editor,C:/Users/koust/Desktop/github/platform-based-programming/src/main/java/org/example/week7/CircleTest/Rectangle.java,,14,0,변경
2023-11-06T15:35:59.581+09:00,koust,KeyEvent,65535:38:0,Lab,Editor,C:/Users/koust/Desktop/github/platform-based-programming/src/main/java/org/example/week7/CircleTest/Rectangle.java,,13,0,변경
2023-11-06T15:35:59.610+09:00,koust,KeyEvent,65535:38:0,Lab,Editor,C:/Users/koust/Desktop/github/platform-based-programming/src/main/java/org/example/week7/CircleTest/Rectangle.java,,12,0,변경
2023-11-06T15:35:59.633+09:00,koust,KeyEvent,65535:38:0,Lab,Editor,C:/Users/koust/Desktop/github/platform-based-programming/src/main/java/org/example/week7/CircleTest/Rectangle.java,,11,0,변경
2023-11-06T15:35:59.670+09:00,koust,KeyEvent,65535:38:0,Lab,Editor,C:/Users/koust/Desktop/github/platform-based-programming/src/main/java/org/example/week7/CircleTest/Rectangle.java,,10,0,변경
2023-11-06T15:35:59.703+09:00,koust,KeyEvent,65535:38:0,Lab,Editor,C:/Users/koust/Desktop/github/platform-based-programming/src/main/java/org/example/week7/CircleTest/Rectangle.java,,9,0,변경
2023-11-06T15:35:59.857+09:00,koust,KeyEvent,65535:40:0,Lab,Editor,C:/Users/koust/Desktop/github/platform-based-programming/src/main/java/org/example/week7/CircleTest/Rectangle.java,,10,0,변경
2023-11-06T15:36:00.095+09:00,koust,KeyEvent,65535:38:0,Lab,Editor,C:/Users/koust/Desktop/github/platform-based-programming/src/main/java/org/example/week7/CircleTest/Rectangle.java,,9,0,변경
2023-11-06T15:36:00.250+09:00,koust,KeyEvent,65535:38:0,Lab,Editor,C:/Users/koust/Desktop/github/platform-based-programming/src/main/java/org/example/week7/CircleTest/Rectangle.java,,8,0,변경
2023-11-06T15:36:00.378+09:00,koust,KeyEvent,65535:38:0,Lab,Editor,C:/Users/koust/Desktop/github/platform-based-programming/src/main/java/org/example/week7/CircleTest/Rectangle.java,,7,0,변경
2023-11-06T15:36:00.498+09:00,koust,KeyEvent,65535:38:0,Lab,Editor,C:/Users/koust/Desktop/github/platform-based-programming/src/main/java/org/example/week7/CircleTest/Rectangle.java,,6,0,변경
2023-11-06T15:36:00.621+09:00,koust,KeyEvent,65535:38:0,Lab,Editor,C:/Users/koust/Desktop/github/platform-based-programming/src/main/java/org/example/week7/CircleTest/Rectangle.java,,5,0,변경
2023-11-06T15:36:00.786+09:00,koust,KeyEvent,65535:38:0,Lab,Editor,C:/Users/koust/Desktop/github/platform-based-programming/src/main/java/org/example/week7/CircleTest/Rectangle.java,,4,0,변경
2023-11-06T15:36:00.957+09:00,koust,KeyEvent,65535:38:0,Lab,Editor,C:/Users/koust/Desktop/github/platform-based-programming/src/main/java/org/example/week7/CircleTest/Rectangle.java,,3,0,변경
2023-11-06T15:36:01.117+09:00,koust,KeyEvent,65535:38:0,Lab,Editor,C:/Users/koust/Desktop/github/platform-based-programming/src/main/java/org/example/week7/CircleTest/Rectangle.java,,2,0,변경
2023-11-06T15:36:01.494+09:00,koust,KeyEvent,65535:16:1,Lab,Editor,C:/Users/koust/Desktop/github/platform-based-programming/src/main/java/org/example/week7/CircleTest/Rectangle.java,,2,0,변경
2023-11-06T15:36:01.792+09:00,koust,KeyEvent,65535:40:0,Lab,Editor,C:/Users/koust/Desktop/github/platform-based-programming/src/main/java/org/example/week7/CircleTest/Rectangle.java,,3,0,변경
2023-11-06T15:36:01.875+09:00,koust,KeyEvent,65535:16:1,Lab,Editor,C:/Users/koust/Desktop/github/platform-based-programming/src/main/java/org/example/week7/CircleTest/Rectangle.java,,3,0,변경
2023-11-06T15:36:01.983+09:00,koust,KeyEvent,65535:40:1,Lab,Editor,C:/Users/koust/Desktop/github/platform-based-programming/src/main/java/org/example/week7/CircleTest/Rectangle.java,,4,0,변경
2023-11-06T15:36:02.447+09:00,koust,KeyEvent,65535:38:0,Lab,Editor,C:/Users/koust/Desktop/github/platform-based-programming/src/main/java/org/example/week7/CircleTest/Rectangle.java,,2,0,변경
2023-11-06T15:36:02.762+09:00,koust,KeyEvent,65535:39:0,Lab,Editor,C:/Users/koust/Desktop/github/platform-based-programming/src/main/java/org/example/week7/CircleTest/Rectangle.java,,2,1,변경
2023-11-06T15:36:03.260+09:00,koust,KeyEvent,65535:39:0,Lab,Editor,C:/Users/koust/Desktop/github/platform-based-programming/src/main/java/org/example/week7/CircleTest/Rectangle.java,,2,2,변경
2023-11-06T15:36:03.288+09:00,koust,KeyEvent,65535:39:0,Lab,Editor,C:/Users/koust/Desktop/github/platform-based-programming/src/main/java/org/example/week7/CircleTest/Rectangle.java,,2,3,변경
2023-11-06T15:36:03.320+09:00,koust,KeyEvent,65535:39:0,Lab,Editor,C:/Users/koust/Desktop/github/platform-based-programming/src/main/java/org/example/week7/CircleTest/Rectangle.java,,2,4,변경
2023-11-06T15:36:03.349+09:00,koust,KeyEvent,65535:39:0,Lab,Editor,C:/Users/koust/Desktop/github/platform-based-programming/src/main/java/org/example/week7/CircleTest/Rectangle.java,,2,5,변경
2023-11-06T15:36:03.379+09:00,koust,KeyEvent,65535:39:0,Lab,Editor,C:/Users/koust/Desktop/github/platform-based-programming/src/main/java/org/example/week7/CircleTest/Rectangle.java,,2,6,변경
2023-11-06T15:36:03.409+09:00,koust,KeyEvent,65535:39:0,Lab,Editor,C:/Users/koust/Desktop/github/platform-based-programming/src/main/java/org/example/week7/CircleTest/Rectangle.java,,2,7,변경
2023-11-06T15:36:03.439+09:00,koust,KeyEvent,65535:39:0,Lab,Editor,C:/Users/koust/Desktop/github/platform-based-programming/src/main/java/org/example/week7/CircleTest/Rectangle.java,,2,8,변경
2023-11-06T15:36:03.472+09:00,koust,KeyEvent,65535:39:0,Lab,Editor,C:/Users/koust/Desktop/github/platform-based-programming/src/main/java/org/example/week7/CircleTest/Rectangle.java,,2,9,변경
2023-11-06T15:36:03.500+09:00,koust,KeyEvent,65535:39:0,Lab,Editor,C:/Users/koust/Desktop/github/platform-based-programming/src/main/java/org/example/week7/CircleTest/Rectangle.java,,2,10,변경
2023-11-06T15:36:03.531+09:00,koust,KeyEvent,65535:39:0,Lab,Editor,C:/Users/koust/Desktop/github/platform-based-programming/src/main/java/org/example/week7/CircleTest/Rectangle.java,,2,11,변경
2023-11-06T15:36:03.561+09:00,koust,KeyEvent,65535:39:0,Lab,Editor,C:/Users/koust/Desktop/github/platform-based-programming/src/main/java/org/example/week7/CircleTest/Rectangle.java,,2,12,변경
2023-11-06T15:36:03.591+09:00,koust,KeyEvent,65535:39:0,Lab,Editor,C:/Users/koust/Desktop/github/platform-based-programming/src/main/java/org/example/week7/CircleTest/Rectangle.java,,2,13,변경
2023-11-06T15:36:03.620+09:00,koust,KeyEvent,65535:39:0,Lab,Editor,C:/Users/koust/Desktop/github/platform-based-programming/src/main/java/org/example/week7/CircleTest/Rectangle.java,,2,14,변경
2023-11-06T15:36:03.652+09:00,koust,KeyEvent,65535:39:0,Lab,Editor,C:/Users/koust/Desktop/github/platform-based-programming/src/main/java/org/example/week7/CircleTest/Rectangle.java,,2,15,변경
2023-11-06T15:36:03.680+09:00,koust,KeyEvent,65535:39:0,Lab,Editor,C:/Users/koust/Desktop/github/platform-based-programming/src/main/java/org/example/week7/CircleTest/Rectangle.java,,2,16,변경
2023-11-06T15:36:03.711+09:00,koust,KeyEvent,65535:39:0,Lab,Editor,C:/Users/koust/Desktop/github/platform-based-programming/src/main/java/org/example/week7/CircleTest/Rectangle.java,,2,17,변경
2023-11-06T15:36:03.741+09:00,koust,KeyEvent,65535:39:0,Lab,Editor,C:/Users/koust/Desktop/github/platform-based-programming/src/main/java/org/example/week7/CircleTest/Rectangle.java,,2,18,변경
2023-11-06T15:36:03.771+09:00,koust,KeyEvent,65535:39:0,Lab,Editor,C:/Users/koust/Desktop/github/platform-based-programming/src/main/java/org/example/week7/CircleTest/Rectangle.java,,2,19,변경
2023-11-06T15:36:03.803+09:00,koust,KeyEvent,65535:39:0,Lab,Editor,C:/Users/koust/Desktop/github/platform-based-programming/src/main/java/org/example/week7/CircleTest/Rectangle.java,,2,20,변경
2023-11-06T15:36:03.832+09:00,koust,KeyEvent,65535:39:0,Lab,Editor,C:/Users/koust/Desktop/github/platform-based-programming/src/main/java/org/example/week7/CircleTest/Rectangle.java,,2,21,변경
2023-11-06T15:36:03.863+09:00,koust,KeyEvent,65535:39:0,Lab,Editor,C:/Users/koust/Desktop/github/platform-based-programming/src/main/java/org/example/week7/CircleTest/Rectangle.java,,2,22,변경
2023-11-06T15:36:03.894+09:00,koust,KeyEvent,65535:39:0,Lab,Editor,C:/Users/koust/Desktop/github/platform-based-programming/src/main/java/org/example/week7/CircleTest/Rectangle.java,,2,23,변경
2023-11-06T15:36:03.922+09:00,koust,KeyEvent,65535:39:0,Lab,Editor,C:/Users/koust/Desktop/github/platform-based-programming/src/main/java/org/example/week7/CircleTest/Rectangle.java,,2,24,변경
2023-11-06T15:36:03.951+09:00,koust,KeyEvent,65535:39:0,Lab,Editor,C:/Users/koust/Desktop/github/platform-based-programming/src/main/java/org/example/week7/CircleTest/Rectangle.java,,2,25,변경
2023-11-06T15:36:03.980+09:00,koust,KeyEvent,65535:39:0,Lab,Editor,C:/Users/koust/Desktop/github/platform-based-programming/src/main/java/org/example/week7/CircleTest/Rectangle.java,,2,26,변경
2023-11-06T15:36:04.014+09:00,koust,KeyEvent,65535:39:0,Lab,Editor,C:/Users/koust/Desktop/github/platform-based-programming/src/main/java/org/example/week7/CircleTest/Rectangle.java,,2,27,변경
2023-11-06T15:36:04.043+09:00,koust,KeyEvent,65535:39:0,Lab,Editor,C:/Users/koust/Desktop/github/platform-based-programming/src/main/java/org/example/week7/CircleTest/Rectangle.java,,2,28,변경
2023-11-06T15:36:04.073+09:00,koust,KeyEvent,65535:39:0,Lab,Editor,C:/Users/koust/Desktop/github/platform-based-programming/src/main/java/org/example/week7/CircleTest/Rectangle.java,,2,29,변경
2023-11-06T15:36:04.109+09:00,koust,KeyEvent,65535:39:0,Lab,Editor,C:/Users/koust/Desktop/github/platform-based-programming/src/main/java/org/example/week7/CircleTest/Rectangle.java,,2,30,변경
2023-11-06T15:36:04.134+09:00,koust,KeyEvent,65535:39:0,Lab,Editor,C:/Users/koust/Desktop/github/platform-based-programming/src/main/java/org/example/week7/CircleTest/Rectangle.java,,2,31,변경
2023-11-06T15:36:04.163+09:00,koust,KeyEvent,65535:39:0,Lab,Editor,C:/Users/koust/Desktop/github/platform-based-programming/src/main/java/org/example/week7/CircleTest/Rectangle.java,,2,32,변경
2023-11-06T15:36:04.195+09:00,koust,KeyEvent,65535:39:0,Lab,Editor,C:/Users/koust/Desktop/github/platform-based-programming/src/main/java/org/example/week7/CircleTest/Rectangle.java,,2,33,변경
2023-11-06T15:36:04.234+09:00,koust,KeyEvent,65535:39:0,Lab,Editor,C:/Users/koust/Desktop/github/platform-based-programming/src/main/java/org/example/week7/CircleTest/Rectangle.java,,2,34,변경
2023-11-06T15:36:04.256+09:00,koust,KeyEvent,65535:39:0,Lab,Editor,C:/Users/koust/Desktop/github/platform-based-programming/src/main/java/org/example/week7/CircleTest/Rectangle.java,,2,35,변경
2023-11-06T15:36:04.285+09:00,koust,KeyEvent,65535:39:0,Lab,Editor,C:/Users/koust/Desktop/github/platform-based-programming/src/main/java/org/example/week7/CircleTest/Rectangle.java,,2,36,변경
2023-11-06T15:36:04.316+09:00,koust,KeyEvent,65535:39:0,Lab,Editor,C:/Users/koust/Desktop/github/platform-based-programming/src/main/java/org/example/week7/CircleTest/Rectangle.java,,2,37,변경
2023-11-06T15:36:04.346+09:00,koust,KeyEvent,65535:39:0,Lab,Editor,C:/Users/koust/Desktop/github/platform-based-programming/src/main/java/org/example/week7/CircleTest/Rectangle.java,,2,38,변경
2023-11-06T15:36:04.375+09:00,koust,KeyEvent,65535:39:0,Lab,Editor,C:/Users/koust/Desktop/github/platform-based-programming/src/main/java/org/example/week7/CircleTest/Rectangle.java,,2,39,변경
2023-11-06T15:36:04.408+09:00,koust,KeyEvent,65535:39:0,Lab,Editor,C:/Users/koust/Desktop/github/platform-based-programming/src/main/java/org/example/week7/CircleTest/Rectangle.java,,2,40,변경
2023-11-06T15:36:04.436+09:00,koust,KeyEvent,65535:39:0,Lab,Editor,C:/Users/koust/Desktop/github/platform-based-programming/src/main/java/org/example/week7/CircleTest/Rectangle.java,,2,41,변경
2023-11-06T15:36:04.467+09:00,koust,KeyEvent,65535:39:0,Lab,Editor,C:/Users/koust/Desktop/github/platform-based-programming/src/main/java/org/example/week7/CircleTest/Rectangle.java,,2,42,변경
2023-11-06T15:36:04.643+09:00,koust,KeyEvent,65535:39:0,Lab,Editor,C:/Users/koust/Desktop/github/platform-based-programming/src/main/java/org/example/week7/CircleTest/Rectangle.java,,2,43,변경
2023-11-06T15:36:04.809+09:00,koust,KeyEvent,65535:39:0,Lab,Editor,C:/Users/koust/Desktop/github/platform-based-programming/src/main/java/org/example/week7/CircleTest/Rectangle.java,,2,44,변경
2023-11-06T15:36:04.934+09:00,koust,KeyEvent,65535:39:0,Lab,Editor,C:/Users/koust/Desktop/github/platform-based-programming/src/main/java/org/example/week7/CircleTest/Rectangle.java,,2,45,변경
2023-11-06T15:36:05.091+09:00,koust,KeyEvent,65535:39:0,Lab,Editor,C:/Users/koust/Desktop/github/platform-based-programming/src/main/java/org/example/week7/CircleTest/Rectangle.java,,2,46,변경
2023-11-06T15:36:05.215+09:00,koust,KeyEvent,65535:17:2,Lab,Editor,C:/Users/koust/Desktop/github/platform-based-programming/src/main/java/org/example/week7/CircleTest/Rectangle.java,,2,46,변경
2023-11-06T15:36:05.224+09:00,koust,KeyEvent,65535:16:3,Lab,Editor,C:/Users/koust/Desktop/github/platform-based-programming/src/main/java/org/example/week7/CircleTest/Rectangle.java,,2,46,변경
2023-11-06T15:36:05.276+09:00,koust,KeyEvent,65535:37:3,Lab,Editor,C:/Users/koust/Desktop/github/platform-based-programming/src/main/java/org/example/week7/CircleTest/Rectangle.java,,2,34,변경
2023-11-06T15:36:05.782+09:00,koust,KeyEvent,65535:17:2,Lab,Editor,C:/Users/koust/Desktop/github/platform-based-programming/src/main/java/org/example/week7/CircleTest/Rectangle.java,,2,34,변경
2023-11-06T15:36:05.803+09:00,koust,KeyEvent,65535:16:3,Lab,Editor,C:/Users/koust/Desktop/github/platform-based-programming/src/main/java/org/example/week7/CircleTest/Rectangle.java,,2,34,변경
2023-11-06T15:36:05.894+09:00,koust,KeyEvent,65535:37:3,Lab,Editor,C:/Users/koust/Desktop/github/platform-based-programming/src/main/java/org/example/week7/CircleTest/Rectangle.java,,2,23,변경
2023-11-06T15:36:06.324+09:00,koust,KeyEvent,8:8:0,Lab,Editor,C:/Users/koust/Desktop/github/platform-based-programming/src/main/java/org/example/week7/CircleTest/Rectangle.java,,2,23,변경
2023-11-06T15:36:06.492+09:00,koust,KeyEvent,105:73:0,Lab,Editor,C:/Users/koust/Desktop/github/platform-based-programming/src/main/java/org/example/week7/CircleTest/Rectangle.java,,2,23,변경
2023-11-06T15:36:06.678+09:00,koust,KeyEvent,109:77:0,Lab,Editor,C:/Users/koust/Desktop/github/platform-based-programming/src/main/java/org/example/week7/CircleTest/Rectangle.java,,2,24,변경
2023-11-06T15:36:06.890+09:00,koust,KeyEvent,112:80:0,Lab,Editor,C:/Users/koust/Desktop/github/platform-based-programming/src/main/java/org/example/week7/CircleTest/Rectangle.java,,2,25,변경
2023-11-06T15:36:07.022+09:00,koust,KeyEvent,108:76:0,Lab,Editor,C:/Users/koust/Desktop/github/platform-based-programming/src/main/java/org/example/week7/CircleTest/Rectangle.java,,2,26,변경
2023-11-06T15:36:07.090+09:00,koust,KeyEvent,101:69:0,Lab,Editor,C:/Users/koust/Desktop/github/platform-based-programming/src/main/java/org/example/week7/CircleTest/Rectangle.java,,2,27,변경
2023-11-06T15:36:07.173+09:00,koust,KeyEvent,32:32:0,Lab,Editor,C:/Users/koust/Desktop/github/platform-based-programming/src/main/java/org/example/week7/CircleTest/Rectangle.java,,2,28,변경
2023-11-06T15:36:07.460+09:00,koust,KeyEvent,8:8:0,Lab,Editor,C:/Users/koust/Desktop/github/platform-based-programming/src/main/java/org/example/week7/CircleTest/Rectangle.java,,2,28,변경
2023-11-06T15:36:07.638+09:00,koust,KeyEvent,110:78:0,Lab,Editor,C:/Users/koust/Desktop/github/platform-based-programming/src/main/java/org/example/week7/CircleTest/Rectangle.java,,2,28,변경
2023-11-06T15:36:07.777+09:00,koust,KeyEvent,115:83:0,Lab,Editor,C:/Users/koust/Desktop/github/platform-based-programming/src/main/java/org/example/week7/CircleTest/Rectangle.java,,2,29,변경
2023-11-06T15:36:07.888+09:00,koust,KeyEvent,116:84:0,Lab,Editor,C:/Users/koust/Desktop/github/platform-based-programming/src/main/java/org/example/week7/CircleTest/Rectangle.java,,2,30,변경
2023-11-06T15:36:08.092+09:00,koust,KeyEvent,115:83:0,Lab,Editor,C:/Users/koust/Desktop/github/platform-based-programming/src/main/java/org/example/week7/CircleTest/Rectangle.java,,2,31,변경
2023-11-06T15:36:08.314+09:00,koust,KeyEvent,8:8:0,Lab,Editor,C:/Users/koust/Desktop/github/platform-based-programming/src/main/java/org/example/week7/CircleTest/Rectangle.java,,2,31,변경
2023-11-06T15:36:08.440+09:00,koust,KeyEvent,8:8:0,Lab,Editor,C:/Users/koust/Desktop/github/platform-based-programming/src/main/java/org/example/week7/CircleTest/Rectangle.java,,2,30,변경
2023-11-06T15:36:08.566+09:00,koust,KeyEvent,8:8:0,Lab,Editor,C:/Users/koust/Desktop/github/platform-based-programming/src/main/java/org/example/week7/CircleTest/Rectangle.java,,2,29,변경
2023-11-06T15:36:08.698+09:00,koust,KeyEvent,8:8:0,Lab,Editor,C:/Users/koust/Desktop/github/platform-based-programming/src/main/java/org/example/week7/CircleTest/Rectangle.java,,2,28,변경
2023-11-06T15:36:09.380+09:00,koust,KeyEvent,109:77:0,Lab,Editor,C:/Users/koust/Desktop/github/platform-based-programming/src/main/java/org/example/week7/CircleTest/Rectangle.java,,2,28,변경
2023-11-06T15:36:09.748+09:00,koust,KeyEvent,101:69:0,Lab,Editor,C:/Users/koust/Desktop/github/platform-based-programming/src/main/java/org/example/week7/CircleTest/Rectangle.java,,2,29,변경
2023-11-06T15:36:09.835+09:00,koust,KeyEvent,110:78:0,Lab,Editor,C:/Users/koust/Desktop/github/platform-based-programming/src/main/java/org/example/week7/CircleTest/Rectangle.java,,2,30,변경
2023-11-06T15:36:10.007+09:00,koust,KeyEvent,116:84:0,Lab,Editor,C:/Users/koust/Desktop/github/platform-based-programming/src/main/java/org/example/week7/CircleTest/Rectangle.java,,2,31,변경
2023-11-06T15:36:10.121+09:00,koust,KeyEvent,115:83:0,Lab,Editor,C:/Users/koust/Desktop/github/platform-based-programming/src/main/java/org/example/week7/CircleTest/Rectangle.java,,2,32,변경
2023-11-06T15:36:10.336+09:00,koust,KeyEvent,32:32:0,Lab,Editor,C:/Users/koust/Desktop/github/platform-based-programming/src/main/java/org/example/week7/CircleTest/Rectangle.java,,2,33,변경
2023-11-06T15:36:10.630+09:00,koust,KeyEvent,65535:16:1,Lab,Editor,C:/Users/koust/Desktop/github/platform-based-programming/src/main/java/org/example/week7/CircleTest/Rectangle.java,,2,34,변경
2023-11-06T15:36:11.092+09:00,koust,KeyEvent,77:77:1,Lab,Editor,C:/Users/koust/Desktop/github/platform-based-programming/src/main/java/org/example/week7/CircleTest/Rectangle.java,,2,34,변경
2023-11-06T15:36:11.115+09:00,koust,KeyEvent,121:89:0,Lab,Editor,C:/Users/koust/Desktop/github/platform-based-programming/src/main/java/org/example/week7/CircleTest/Rectangle.java,,2,35,변경
2023-11-06T15:36:11.762+09:00,koust,KeyEvent,10:10:0,Lab,Editor,C:/Users/koust/Desktop/github/platform-based-programming/src/main/java/org/example/week7/CircleTest/Rectangle.java,,2,46,변경
2023-11-06T15:36:12.292+09:00,koust,KeyEvent,65535:40:0,Lab,Editor,C:/Users/koust/Desktop/github/platform-based-programming/src/main/java/org/example/week7/CircleTest/Rectangle.java,,3,22,변경
2023-11-06T15:36:12.461+09:00,koust,KeyEvent,65535:40:0,Lab,Editor,C:/Users/koust/Desktop/github/platform-based-programming/src/main/java/org/example/week7/CircleTest/Rectangle.java,,4,23,변경
2023-11-06T15:36:12.757+09:00,koust,KeyEvent,65535:40:0,Lab,Editor,C:/Users/koust/Desktop/github/platform-based-programming/src/main/java/org/example/week7/CircleTest/Rectangle.java,,5,0,변경
2023-11-06T15:36:12.876+09:00,koust,KeyEvent,65535:16:1,Lab,Editor,C:/Users/koust/Desktop/github/platform-based-programming/src/main/java/org/example/week7/CircleTest/Rectangle.java,,5,0,변경
2023-11-06T15:36:12.961+09:00,koust,KeyEvent,65535:38:1,Lab,Editor,C:/Users/koust/Desktop/github/platform-based-programming/src/main/java/org/example/week7/CircleTest/Rectangle.java,,4,23,변경
2023-11-06T15:36:13.343+09:00,koust,KeyEvent,65535:38:1,Lab,Editor,C:/Users/koust/Desktop/github/platform-based-programming/src/main/java/org/example/week7/CircleTest/Rectangle.java,,3,22,변경
2023-11-06T15:36:14.191+09:00,koust,KeyEvent,65535:40:0,Lab,Editor,C:/Users/koust/Desktop/github/platform-based-programming/src/main/java/org/example/week7/CircleTest/Rectangle.java,,6,0,변경
2023-11-06T15:36:14.566+09:00,koust,KeyEvent,10:10:0,Lab,Editor,C:/Users/koust/Desktop/github/platform-based-programming/src/main/java/org/example/week7/CircleTest/Rectangle.java,,7,0,변경
2023-11-06T15:36:15.286+09:00,koust,KeyEvent,65535:38:0,Lab,Editor,C:/Users/koust/Desktop/github/platform-based-programming/src/main/java/org/example/week7/CircleTest/Rectangle.java,,6,0,변경
2023-11-06T15:36:15.309+09:00,koust,KeyEvent,65535:40:0,Lab,Editor,C:/Users/koust/Desktop/github/platform-based-programming/src/main/java/org/example/week7/CircleTest/Rectangle.java,,7,0,변경
2023-11-06T15:36:15.443+09:00,koust,KeyEvent,65535:38:0,Lab,Editor,C:/Users/koust/Desktop/github/platform-based-programming/src/main/java/org/example/week7/CircleTest/Rectangle.java,,6,0,변경
2023-11-06T15:36:15.884+09:00,koust,KeyEvent,8:8:0,Lab,Editor,C:/Users/koust/Desktop/github/platform-based-programming/src/main/java/org/example/week7/CircleTest/Rectangle.java,,5,4,변경
2023-11-06T15:36:16.078+09:00,koust,KeyEvent,10:10:0,Lab,Editor,C:/Users/koust/Desktop/github/platform-based-programming/src/main/java/org/example/week7/CircleTest/Rectangle.java,,6,4,변경
2023-11-06T15:36:16.278+09:00,koust,KeyEvent,111:79:0,Lab,Editor,C:/Users/koust/Desktop/github/platform-based-programming/src/main/java/org/example/week7/CircleTest/Rectangle.java,,6,4,변경
2023-11-06T15:36:16.583+09:00,koust,KeyEvent,8:8:0,Lab,Editor,C:/Users/koust/Desktop/github/platform-based-programming/src/main/java/org/example/week7/CircleTest/Rectangle.java,,6,4,변경
2023-11-06T15:36:16.709+09:00,koust,KeyEvent,112:80:0,Lab,Editor,C:/Users/koust/Desktop/github/platform-based-programming/src/main/java/org/example/week7/CircleTest/Rectangle.java,,6,4,변경
2023-11-06T15:36:16.824+09:00,koust,KeyEvent,114:82:0,Lab,Editor,C:/Users/koust/Desktop/github/platform-based-programming/src/main/java/org/example/week7/CircleTest/Rectangle.java,,6,5,변경
2023-11-06T15:36:16.915+09:00,koust,KeyEvent,105:73:0,Lab,Editor,C:/Users/koust/Desktop/github/platform-based-programming/src/main/java/org/example/week7/CircleTest/Rectangle.java,,6,6,변경
2023-11-06T15:36:17.027+09:00,koust,KeyEvent,118:86:0,Lab,Editor,C:/Users/koust/Desktop/github/platform-based-programming/src/main/java/org/example/week7/CircleTest/Rectangle.java,,6,7,변경
2023-11-06T15:36:17.130+09:00,koust,KeyEvent,97:65:0,Lab,Editor,C:/Users/koust/Desktop/github/platform-based-programming/src/main/java/org/example/week7/CircleTest/Rectangle.java,,6,8,변경
2023-11-06T15:36:17.265+09:00,koust,KeyEvent,116:84:0,Lab,Editor,C:/Users/koust/Desktop/github/platform-based-programming/src/main/java/org/example/week7/CircleTest/Rectangle.java,,6,9,변경
2023-11-06T15:36:17.389+09:00,koust,KeyEvent,101:69:0,Lab,Editor,C:/Users/koust/Desktop/github/platform-based-programming/src/main/java/org/example/week7/CircleTest/Rectangle.java,,6,10,변경
2023-11-06T15:36:17.472+09:00,koust,KeyEvent,32:32:0,Lab,Editor,C:/Users/koust/Desktop/github/platform-based-programming/src/main/java/org/example/week7/CircleTest/Rectangle.java,,6,11,변경
2023-11-06T15:36:17.580+09:00,koust,KeyEvent,105:73:0,Lab,Editor,C:/Users/koust/Desktop/github/platform-based-programming/src/main/java/org/example/week7/CircleTest/Rectangle.java,,6,12,변경
2023-11-06T15:36:17.742+09:00,koust,KeyEvent,110:78:0,Lab,Editor,C:/Users/koust/Desktop/github/platform-based-programming/src/main/java/org/example/week7/CircleTest/Rectangle.java,,6,13,변경
2023-11-06T15:36:17.805+09:00,koust,KeyEvent,116:84:0,Lab,Editor,C:/Users/koust/Desktop/github/platform-based-programming/src/main/java/org/example/week7/CircleTest/Rectangle.java,,6,14,변경
2023-11-06T15:36:17.872+09:00,koust,KeyEvent,32:32:0,Lab,Editor,C:/Users/koust/Desktop/github/platform-based-programming/src/main/java/org/example/week7/CircleTest/Rectangle.java,,6,15,변경
2023-11-06T15:36:18.248+09:00,koust,KeyEvent,119:87:0,Lab,Editor,C:/Users/koust/Desktop/github/platform-based-programming/src/main/java/org/example/week7/CircleTest/Rectangle.java,,6,16,변경
2023-11-06T15:36:18.439+09:00,koust,KeyEvent,10:10:0,Lab,Editor,C:/Users/koust/Desktop/github/platform-based-programming/src/main/java/org/example/week7/CircleTest/Rectangle.java,,7,12,변경
2023-11-06T15:36:18.864+09:00,koust,KeyEvent,8:8:0,Lab,Editor,C:/Users/koust/Desktop/github/platform-based-programming/src/main/java/org/example/week7/CircleTest/Rectangle.java,,6,17,변경
2023-11-06T15:36:19.030+09:00,koust,KeyEvent,105:73:0,Lab,Editor,C:/Users/koust/Desktop/github/platform-based-programming/src/main/java/org/example/week7/CircleTest/Rectangle.java,,6,17,변경
2023-11-06T15:36:19.135+09:00,koust,KeyEvent,100:68:0,Lab,Editor,C:/Users/koust/Desktop/github/platform-based-programming/src/main/java/org/example/week7/CircleTest/Rectangle.java,,6,18,변경
2023-11-06T15:36:19.356+09:00,koust,KeyEvent,116:84:0,Lab,Editor,C:/Users/koust/Desktop/github/platform-based-programming/src/main/java/org/example/week7/CircleTest/Rectangle.java,,6,19,변경
2023-11-06T15:36:19.510+09:00,koust,KeyEvent,104:72:0,Lab,Editor,C:/Users/koust/Desktop/github/platform-based-programming/src/main/java/org/example/week7/CircleTest/Rectangle.java,,6,20,변경
2023-11-06T15:36:19.559+09:00,koust,KeyEvent,59:59:0,Lab,Editor,C:/Users/koust/Desktop/github/platform-based-programming/src/main/java/org/example/week7/CircleTest/Rectangle.java,,6,21,변경
2023-11-06T15:36:19.706+09:00,koust,KeyEvent,10:10:0,Lab,Editor,C:/Users/koust/Desktop/github/platform-based-programming/src/main/java/org/example/week7/CircleTest/Rectangle.java,,7,4,변경
2023-11-06T15:36:20.142+09:00,koust,KeyEvent,112:80:0,Lab,Editor,C:/Users/koust/Desktop/github/platform-based-programming/src/main/java/org/example/week7/CircleTest/Rectangle.java,,7,4,변경
2023-11-06T15:36:20.242+09:00,koust,KeyEvent,114:82:0,Lab,Editor,C:/Users/koust/Desktop/github/platform-based-programming/src/main/java/org/example/week7/CircleTest/Rectangle.java,,7,5,변경
2023-11-06T15:36:20.351+09:00,koust,KeyEvent,105:73:0,Lab,Editor,C:/Users/koust/Desktop/github/platform-based-programming/src/main/java/org/example/week7/CircleTest/Rectangle.java,,7,6,변경
2023-11-06T15:36:20.398+09:00,koust,KeyEvent,118:86:0,Lab,Editor,C:/Users/koust/Desktop/github/platform-based-programming/src/main/java/org/example/week7/CircleTest/Rectangle.java,,7,7,변경
2023-11-06T15:36:20.521+09:00,koust,KeyEvent,97:65:0,Lab,Editor,C:/Users/koust/Desktop/github/platform-based-programming/src/main/java/org/example/week7/CircleTest/Rectangle.java,,7,8,변경
2023-11-06T15:36:20.666+09:00,koust,KeyEvent,116:84:0,Lab,Editor,C:/Users/koust/Desktop/github/platform-based-programming/src/main/java/org/example/week7/CircleTest/Rectangle.java,,7,9,변경
2023-11-06T15:36:20.788+09:00,koust,KeyEvent,101:69:0,Lab,Editor,C:/Users/koust/Desktop/github/platform-based-programming/src/main/java/org/example/week7/CircleTest/Rectangle.java,,7,10,변경
2023-11-06T15:36:20.876+09:00,koust,KeyEvent,32:32:0,Lab,Editor,C:/Users/koust/Desktop/github/platform-based-programming/src/main/java/org/example/week7/CircleTest/Rectangle.java,,7,11,변경
2023-11-06T15:36:20.919+09:00,koust,KeyEvent,105:73:0,Lab,Editor,C:/Users/koust/Desktop/github/platform-based-programming/src/main/java/org/example/week7/CircleTest/Rectangle.java,,7,12,변경
2023-11-06T15:36:21.110+09:00,koust,KeyEvent,110:78:0,Lab,Editor,C:/Users/koust/Desktop/github/platform-based-programming/src/main/java/org/example/week7/CircleTest/Rectangle.java,,7,13,변경
2023-11-06T15:36:21.144+09:00,koust,KeyEvent,116:84:0,Lab,Editor,C:/Users/koust/Desktop/github/platform-based-programming/src/main/java/org/example/week7/CircleTest/Rectangle.java,,7,14,변경
2023-11-06T15:36:21.202+09:00,koust,KeyEvent,32:32:0,Lab,Editor,C:/Users/koust/Desktop/github/platform-based-programming/src/main/java/org/example/week7/CircleTest/Rectangle.java,,7,15,변경
2023-11-06T15:36:21.341+09:00,koust,KeyEvent,104:72:0,Lab,Editor,C:/Users/koust/Desktop/github/platform-based-programming/src/main/java/org/example/week7/CircleTest/Rectangle.java,,7,16,변경
2023-11-06T15:36:21.511+09:00,koust,KeyEvent,101:69:0,Lab,Editor,C:/Users/koust/Desktop/github/platform-based-programming/src/main/java/org/example/week7/CircleTest/Rectangle.java,,7,17,변경
2023-11-06T15:36:21.662+09:00,koust,KeyEvent,10:10:0,Lab,Editor,C:/Users/koust/Desktop/github/platform-based-programming/src/main/java/org/example/week7/CircleTest/Rectangle.java,,8,12,변경
2023-11-06T15:36:22.092+09:00,koust,KeyEvent,8:8:0,Lab,Editor,C:/Users/koust/Desktop/github/platform-based-programming/src/main/java/org/example/week7/CircleTest/Rectangle.java,,7,18,변경
2023-11-06T15:36:22.492+09:00,koust,KeyEvent,103:71:0,Lab,Editor,C:/Users/koust/Desktop/github/platform-based-programming/src/main/java/org/example/week7/CircleTest/Rectangle.java,,7,18,변경
2023-11-06T15:36:22.801+09:00,koust,KeyEvent,8:8:0,Lab,Editor,C:/Users/koust/Desktop/github/platform-based-programming/src/main/java/org/example/week7/CircleTest/Rectangle.java,,7,18,변경
2023-11-06T15:36:22.922+09:00,koust,KeyEvent,105:73:0,Lab,Editor,C:/Users/koust/Desktop/github/platform-based-programming/src/main/java/org/example/week7/CircleTest/Rectangle.java,,7,18,변경
2023-11-06T15:36:22.977+09:00,koust,KeyEvent,103:71:0,Lab,Editor,C:/Users/koust/Desktop/github/platform-based-programming/src/main/java/org/example/week7/CircleTest/Rectangle.java,,7,19,변경
2023-11-06T15:36:23.132+09:00,koust,KeyEvent,104:72:0,Lab,Editor,C:/Users/koust/Desktop/github/platform-based-programming/src/main/java/org/example/week7/CircleTest/Rectangle.java,,7,20,변경
2023-11-06T15:36:23.290+09:00,koust,KeyEvent,116:84:0,Lab,Editor,C:/Users/koust/Desktop/github/platform-based-programming/src/main/java/org/example/week7/CircleTest/Rectangle.java,,7,21,변경
2023-11-06T15:36:23.380+09:00,koust,KeyEvent,59:59:0,Lab,Editor,C:/Users/koust/Desktop/github/platform-based-programming/src/main/java/org/example/week7/CircleTest/Rectangle.java,,7,22,변경
2023-11-06T15:36:23.756+09:00,koust,KeyEvent,65535:38:0,Lab,Editor,C:/Users/koust/Desktop/github/platform-based-programming/src/main/java/org/example/week7/CircleTest/Rectangle.java,,6,22,변경
2023-11-06T15:36:23.893+09:00,koust,KeyEvent,65535:38:0,Lab,Editor,C:/Users/koust/Desktop/github/platform-based-programming/src/main/java/org/example/week7/CircleTest/Rectangle.java,,5,4,변경
2023-11-06T15:36:24.245+09:00,koust,KeyEvent,65535:16:1,Lab,Editor,C:/Users/koust/Desktop/github/platform-based-programming/src/main/java/org/example/week7/CircleTest/Rectangle.java,,5,4,변경
2023-11-06T15:36:24.308+09:00,koust,KeyEvent,65535:38:1,Lab,Editor,C:/Users/koust/Desktop/github/platform-based-programming/src/main/java/org/example/week7/CircleTest/Rectangle.java,,4,23,변경
2023-11-06T15:36:24.451+09:00,koust,KeyEvent,65535:38:1,Lab,Editor,C:/Users/koust/Desktop/github/platform-based-programming/src/main/java/org/example/week7/CircleTest/Rectangle.java,,3,22,변경
2023-11-06T15:36:25.015+09:00,koust,KeyEvent,65535:17:3,Lab,Editor,C:/Users/koust/Desktop/github/platform-based-programming/src/main/java/org/example/week7/CircleTest/Rectangle.java,,3,22,변경
2023-11-06T15:36:25.108+09:00,koust,KeyEvent,65535:37:3,Lab,Editor,C:/Users/koust/Desktop/github/platform-based-programming/src/main/java/org/example/week7/CircleTest/Rectangle.java,,3,21,변경
2023-11-06T15:36:25.261+09:00,koust,KeyEvent,65535:37:3,Lab,Editor,C:/Users/koust/Desktop/github/platform-based-programming/src/main/java/org/example/week7/CircleTest/Rectangle.java,,3,16,변경
2023-11-06T15:36:25.667+09:00,koust,KeyEvent,65535:37:3,Lab,Editor,C:/Users/koust/Desktop/github/platform-based-programming/src/main/java/org/example/week7/CircleTest/Rectangle.java,,3,12,변경
2023-11-06T15:36:25.674+09:00,koust,KeyEvent,65535:37:3,Lab,Editor,C:/Users/koust/Desktop/github/platform-based-programming/src/main/java/org/example/week7/CircleTest/Rectangle.java,,3,4,변경
2023-11-06T15:36:25.682+09:00,koust,KeyEvent,65535:37:3,Lab,Editor,C:/Users/koust/Desktop/github/platform-based-programming/src/main/java/org/example/week7/CircleTest/Rectangle.java,,2,47,변경
2023-11-06T15:36:26.488+09:00,koust,KeyEvent,8:8:0,Lab,Editor,C:/Users/koust/Desktop/github/platform-based-programming/src/main/java/org/example/week7/CircleTest/Rectangle.java,,2,47,변경
2023-11-06T15:36:26.932+09:00,koust,KeyEvent,65535:40:0,Lab,Editor,C:/Users/koust/Desktop/github/platform-based-programming/src/main/java/org/example/week7/CircleTest/Rectangle.java,,3,22,변경
2023-11-06T15:36:27.156+09:00,koust,KeyEvent,65535:40:0,Lab,Editor,C:/Users/koust/Desktop/github/platform-based-programming/src/main/java/org/example/week7/CircleTest/Rectangle.java,,4,23,변경
2023-11-06T15:36:27.292+09:00,koust,KeyEvent,65535:40:0,Lab,Editor,C:/Users/koust/Desktop/github/platform-based-programming/src/main/java/org/example/week7/CircleTest/Rectangle.java,,5,45,변경
2023-11-06T15:36:27.800+09:00,koust,KeyEvent,65535:40:0,Lab,Editor,C:/Users/koust/Desktop/github/platform-based-programming/src/main/java/org/example/week7/CircleTest/Rectangle.java,,6,27,변경
2023-11-06T15:36:27.826+09:00,koust,KeyEvent,65535:40:0,Lab,Editor,C:/Users/koust/Desktop/github/platform-based-programming/src/main/java/org/example/week7/CircleTest/Rectangle.java,,7,29,변경
2023-11-06T15:36:27.867+09:00,koust,KeyEvent,65535:40:0,Lab,Editor,C:/Users/koust/Desktop/github/platform-based-programming/src/main/java/org/example/week7/CircleTest/Rectangle.java,,8,5,변경
2023-11-06T15:36:27.889+09:00,koust,KeyEvent,65535:40:0,Lab,Editor,C:/Users/koust/Desktop/github/platform-based-programming/src/main/java/org/example/week7/CircleTest/Rectangle.java,,9,0,변경
2023-11-06T15:36:27.915+09:00,koust,KeyEvent,65535:40:0,Lab,Editor,C:/Users/koust/Desktop/github/platform-based-programming/src/main/java/org/example/week7/CircleTest/Rectangle.java,,10,27,변경
2023-11-06T15:36:27.948+09:00,koust,KeyEvent,65535:40:0,Lab,Editor,C:/Users/koust/Desktop/github/platform-based-programming/src/main/java/org/example/week7/CircleTest/Rectangle.java,,11,21,변경
2023-11-06T15:36:27.978+09:00,koust,KeyEvent,65535:40:0,Lab,Editor,C:/Users/koust/Desktop/github/platform-based-programming/src/main/java/org/example/week7/CircleTest/Rectangle.java,,12,5,변경
2023-11-06T15:36:28.007+09:00,koust,KeyEvent,65535:40:0,Lab,Editor,C:/Users/koust/Desktop/github/platform-based-programming/src/main/java/org/example/week7/CircleTest/Rectangle.java,,13,0,변경
2023-11-06T15:36:28.035+09:00,koust,KeyEvent,65535:40:0,Lab,Editor,C:/Users/koust/Desktop/github/platform-based-programming/src/main/java/org/example/week7/CircleTest/Rectangle.java,,14,37,변경
2023-11-06T15:36:28.068+09:00,koust,KeyEvent,65535:40:0,Lab,Editor,C:/Users/koust/Desktop/github/platform-based-programming/src/main/java/org/example/week7/CircleTest/Rectangle.java,,15,27,변경
2023-11-06T15:36:28.099+09:00,koust,KeyEvent,65535:40:0,Lab,Editor,C:/Users/koust/Desktop/github/platform-based-programming/src/main/java/org/example/week7/CircleTest/Rectangle.java,,16,5,변경
2023-11-06T15:36:28.129+09:00,koust,KeyEvent,65535:40:0,Lab,Editor,C:/Users/koust/Desktop/github/platform-based-programming/src/main/java/org/example/week7/CircleTest/Rectangle.java,,17,0,변경
2023-11-06T15:36:28.191+09:00,koust,KeyEvent,65535:18:8,Lab,Editor,C:/Users/koust/Desktop/github/platform-based-programming/src/main/java/org/example/week7/CircleTest/Rectangle.java,,17,0,변경
2023-11-06T15:36:28.295+09:00,koust,KeyEvent,49:49:8,Lab,Editor,C:/Users/koust/Desktop/github/platform-based-programming/src/main/java/org/example/week7/CircleTest/Rectangle.java,,17,0,변경
2023-11-06T15:36:28.704+09:00,koust,KeyEvent,65535:18:8,Lab,Project,C:/Users/koust/Desktop/github/platform-based-programming/src/main/java/org/example/week7/CircleTest/Rectangle.java,,17,0,변경
